time,latitude,longitude,depth,mag,magType,nst,gap,dmin,rms,net,id,updated,place,type,horizontalError,depthError,magError,magNst,status,locationSource,magSource
2020-11-24T14:32:03.660Z,38.0938,-117.5212,6.2,2.2,ml,12,301.36,0.196,0.08,nn,nn00786058,2020-11-24T15:02:38.035Z,"25 km W of Tonopah, Nevada",earthquake,,10.7,,,automatic,nn,nn
2020-11-24T14:29:48.800Z,38.8030014,-122.7723312,0.76,0.4,md,10,76,0.01014,0.03,nc,nc73486661,2020-11-24T14:44:05.559Z,"3km NNW of The Geysers, CA",earthquake,0.3,0.72,0.16,2,automatic,nc,nc
2020-11-24T14:29:38.517Z,60.5632,-151.5756,58.2,2,ml,,,,0.69,ak,ak020f4cbjti,2020-11-24T14:32:49.625Z,"15 km WSW of Salamatof, Alaska",earthquake,,1.1,,,automatic,ak,ak
2020-11-24T14:28:38.100Z,38.175,-117.8722,6.6,1.2,ml,13,108.7,0.015,0.09,nn,nn00786056,2020-11-24T14:33:18.030Z,"31 km SE of Mina, Nevada",earthquake,,0.8,,,automatic,nn,nn
2020-11-24T14:07:34.177Z,-22.1977,-176.0981,57.45,5.3,mb,,83,6.56,0.8,us,us6000crzj,2020-11-24T14:37:05.040Z,"146 km SW of Vaini, Tonga",earthquake,10,6,0.065,78,reviewed,us,us
2020-11-24T13:58:11.986Z,61.6273,-149.8253,42.9,2.7,ml,,,,0.71,ak,ak020f4bw9rb,2020-11-24T14:39:11.040Z,"0 km SW of Houston, Alaska",earthquake,,0.7,,,automatic,ak,ak
2020-11-24T13:51:04.390Z,38.796833,-122.7493362,1.01,1.3,md,22,95,0.02948,0.03,nc,nc73486656,2020-11-24T14:09:06.378Z,"2km NNE of The Geysers, CA",earthquake,0.23,0.5,0.08,7,automatic,nc,nc
2020-11-24T13:43:48.680Z,19.1940002441406,-155.454498291016,35.1300010681152,2.02999997,md,46,123,,0.119999997,hv,hv72242962,2020-11-24T13:47:03.130Z,"2 km ESE of Pāhala, Hawaii",earthquake,0.56,0.74000001,1.64999998,18,automatic,hv,hv
2020-11-24T13:37:20.970Z,38.8344994,-122.8171692,1.16,0.89,md,9,78,0.0124,0.01,nc,nc73486651,2020-11-24T13:59:04.325Z,"8km NW of The Geysers, CA",earthquake,0.34,1.23,,1,automatic,nc,nc
2020-11-24T13:33:29.467Z,59.8789,-151.7111,67.7,2.2,ml,,,,0.37,ak,ak020f4bqy8p,2020-11-24T13:45:04.101Z,"7 km S of Happy Valley, Alaska",earthquake,,1.3,,,automatic,ak,ak
2020-11-24T13:21:18.340Z,38.164,-117.9793,10.4,1.1,ml,8,158.05,0.102,0.05,nn,nn00786054,2020-11-24T13:37:16.803Z,"27 km SSE of Mina, Nevada",earthquake,,1.1,,,automatic,nn,nn
2020-11-24T13:06:21.210Z,38.8248329,-122.8095016,1.29,0.56,md,13,53,0.001504,0.01,nc,nc73486636,2020-11-24T14:23:04.451Z,"7km NW of The Geysers, CA",earthquake,0.26,0.66,,1,automatic,nc,nc
2020-11-24T13:00:23.070Z,38.8251648,-122.8098297,1.1,0.56,md,9,93,0.001777,0.01,nc,nc73486626,2020-11-24T13:33:07.175Z,"7km NW of The Geysers, CA",earthquake,0.26,0.65,,1,automatic,nc,nc
2020-11-24T12:59:56.640Z,17.951,-67.0085,5,1.59,md,3,333,0.0402,0.1,pr,pr2020329004,2020-11-24T13:37:58.752Z,"Puerto Rico region",earthquake,1.13,0.74,0.09,3,reviewed,pr,pr
2020-11-24T12:50:40.410Z,38.1642,-117.9777,10.2,1.3,ml,12,105.71,0.023,0.05,nn,nn00786050,2020-11-24T13:23:18.321Z,"27 km SSE of Mina, Nevada",earthquake,,1.2,,,automatic,nn,nn
2020-11-24T12:30:22.640Z,37.2598,-117.5912,13.2,0.9,ml,10,109.93,0.057,0.1,nn,nn00786047,2020-11-24T12:33:36.529Z,"55 km S of Silver Peak, Nevada",earthquake,,1.3,,,automatic,nn,nn
2020-11-24T12:26:44.210Z,38.1705,-118.2232,23.4,1,ml,9,115.82,0.109,0.01,nn,nn00786046,2020-11-24T12:31:57.156Z,"26 km SSW of Mina, Nevada",earthquake,,2.5,,,automatic,nn,nn
2020-11-24T12:21:45.430Z,38.1262,-117.7783,13.3,1,ml,13,100.81,0.027,0.02,nn,nn00786044,2020-11-24T12:28:57.569Z,"41 km SE of Mina, Nevada",earthquake,,3.2,,,automatic,nn,nn
2020-11-24T12:17:20.820Z,33.9990005,-116.6991653,16.02,1.77,ml,81,27,0.058,0.17,ci,ci39475799,2020-11-24T12:28:40.180Z,"12km WSW of Morongo Valley, CA",earthquake,0.18,0.51,0.325,26,automatic,ci,ci
2020-11-24T12:16:10.490Z,44.6051667,-110.3218333,5.42,1.88,ml,17,92,0.1,0.1,uu,uu60419567,2020-11-24T14:12:31.220Z,"51 km SE of Mammoth, Wyoming",earthquake,0.34,3.14,0.121,4,reviewed,uu,uu
2020-11-24T12:02:32.360Z,38.2158,-117.7508,8.5,1.5,ml,20,122.21,0.103,0.08,nn,nn00786041,2020-11-24T12:23:18.650Z,"36 km ESE of Mina, Nevada",earthquake,,2.3,,,automatic,nn,nn
2020-11-24T11:51:37.980Z,38.1818,-117.8858,13.7,1.6,ml,20,75.01,0.026,0.12,nn,nn00786037,2020-11-24T12:03:40.147Z,"30 km SE of Mina, Nevada",earthquake,,0.6,,,automatic,nn,nn
2020-11-24T11:45:29.810Z,38.1382,-118.0153,0,1.4,ml,13,75.6,0.026,0.3,nn,nn00786033,2020-11-24T11:52:18.162Z,"29 km SSE of Mina, Nevada",earthquake,,9.4,,,automatic,nn,nn
2020-11-24T11:41:49.920Z,38.1462,-117.9648,12.4,1.7,ml,19,75.48,0.012,0.11,nn,nn00786029,2020-11-24T11:46:18.770Z,"29 km SSE of Mina, Nevada",earthquake,,1,,,automatic,nn,nn
2020-11-24T11:35:18.080Z,34.4538333,-116.4723333,0.66,1.07,ml,15,66,0.1453,0.19,ci,ci39475783,2020-11-24T11:38:53.621Z,"38km N of Yucca Valley, CA",earthquake,0.44,0.83,0.168,16,automatic,ci,ci
2020-11-24T11:34:20.530Z,33.6413333,-116.7165,16.03,0.86,ml,10,92,0.06968,0.07,ci,ci39475775,2020-11-24T14:41:34.473Z,"10km NNW of Anza, CA",earthquake,0.35,0.6,0.392,10,reviewed,ci,ci
2020-11-24T11:31:14.670Z,38.5068,-118.4295,0.5,1.4,ml,17,93.36,0.105,0.17,nn,nn00786026,2020-11-24T11:42:57.742Z,"17 km E of Hawthorne, Nevada",earthquake,,12.6,,,automatic,nn,nn
2020-11-24T11:22:11.930Z,19.4026660919189,-155.266830444336,2.69000005722046,2.08,ml,12,100,,0.150000006,hv,hv72242867,2020-11-24T11:27:43.940Z,"5 km SW of Volcano, Hawaii",earthquake,0.42,0.519999981,0.26,5,automatic,hv,hv
2020-11-24T11:18:41.160Z,35.8016667,-117.625,7.03,1.17,ml,19,84,0.02639,0.16,ci,ci39475767,2020-11-24T14:41:36.007Z,"20km W of Searles Valley, CA",earthquake,0.26,0.59,0.149,14,reviewed,ci,ci
2020-11-24T11:17:21.900Z,38.8216667,-122.7903366,0.92,0.55,md,8,76,0.01128,0.02,nc,nc73486606,2020-11-24T11:18:56.421Z,"6km NNW of The Geysers, CA",earthquake,0.31,0.98,,1,automatic,nc,nc
2020-11-24T11:14:01.690Z,38.8333321,-122.817337,1.62,0.56,md,9,111,0.01143,0.01,nc,nc73486601,2020-11-24T11:15:36.416Z,"8km NW of The Geysers, CA",earthquake,0.45,0.92,,1,automatic,nc,nc
2020-11-24T11:09:29.120Z,38.8218346,-122.793335,0.37,0.59,md,17,40,0.01308,0.03,nc,nc73486586,2020-11-24T12:02:05.658Z,"6km NNW of The Geysers, CA",earthquake,0.19,0.45,0.04,3,automatic,nc,nc
2020-11-24T11:07:34.070Z,38.8251648,-122.8096695,1.23,0.56,md,11,68,0.001795,0.02,nc,nc73486581,2020-11-24T11:37:04.503Z,"7km NW of The Geysers, CA",earthquake,0.3,0.73,,1,automatic,nc,nc
2020-11-24T11:07:16.890Z,38.1968,-117.822,5.1,1.1,ml,9,153.42,0.043,0.19,nn,nn00786024,2020-11-24T11:32:37.279Z,"33 km SE of Mina, Nevada",earthquake,,1.6,,,automatic,nn,nn
2020-11-24T10:46:31.310Z,40.736,-119.2057,11.2,1.8,ml,9,234.69,0.686,0.15,nn,nn00786023,2020-11-24T11:08:17.093Z,"3 km SSE of Black Rock City, Nevada",earthquake,,1.7,,,automatic,nn,nn
2020-11-24T10:32:43.045Z,59.9681,-151.7441,62.2,2.4,ml,,,,0.47,ak,ak020f49ygpw,2020-11-24T13:36:42.943Z,"2 km NNW of Happy Valley, Alaska",earthquake,,1,,,automatic,ak,ak
2020-11-24T10:31:57.640Z,33.4868333,-116.5015,8.89,0.4,ml,22,59,0.07308,0.18,ci,ci39475751,2020-11-24T10:35:31.218Z,"18km ESE of Anza, CA",earthquake,0.32,0.83,0.134,10,automatic,ci,ci
2020-11-24T10:24:12.336Z,61.4751,-149.9588,37,1.7,ml,,,,0.45,ak,ak020f49wonl,2020-11-24T10:26:43.892Z,"5 km S of Big Lake, Alaska",earthquake,,1.3,,,automatic,ak,ak
2020-11-24T10:19:01.990Z,38.1608,-117.983,6.9,1.3,ml,17,70.96,0.03,0.1,nn,nn00786020,2020-11-24T10:47:57.959Z,"27 km SSE of Mina, Nevada",earthquake,,0.6,,,automatic,nn,nn
2020-11-24T10:13:51.160Z,35.9176667,-117.6611667,10.45,0.88,ml,10,84,0.03141,0.15,ci,ci39475735,2020-11-24T10:17:20.488Z,"22km E of Little Lake, CA",earthquake,0.5,0.85,0.154,10,automatic,ci,ci
2020-11-24T10:10:35.380Z,32.4096667,-115.2131667,6.56,2.2,ml,19,100,0.07829,0.26,ci,ci39475727,2020-11-24T10:14:25.078Z,"6km NNW of Delta, B.C., MX",earthquake,0.56,1.68,0.184,27,automatic,ci,ci
2020-11-24T10:08:12.078Z,61.248,-147.6409,15.1,2.2,ml,,,,0.68,ak,ak020f49t969,2020-11-24T10:14:32.548Z,"62 km S of Glacier View, Alaska",earthquake,,0.2,,,automatic,ak,ak
2020-11-24T10:00:19.630Z,38.1375,-118.0075,1.7,1.1,ml,10,143.21,0.033,0.04,nn,nn00786018,2020-11-24T10:20:17.576Z,"29 km SSE of Mina, Nevada",earthquake,,0.9,,,automatic,nn,nn
2020-11-24T09:44:17.870Z,36.88216667,-97.37533333,7.48,1.51,ml,47,119,0.1538698055,0.25,ok,ok2020xcah,2020-11-24T13:26:03.043Z,"5 km SW of Braman, Oklahoma",earthquake,,0.8,0.23,20,reviewed,ok,ok
2020-11-24T09:41:16.520Z,44.5475,-109.9935,8.95,1.73,md,13,90,0.09297,0.18,uu,uu60419562,2020-11-24T14:57:44.450Z,"51 km S of Silver Gate, Montana",earthquake,0.4,1.03,0.332,11,reviewed,uu,uu
2020-11-24T09:40:09.860Z,36.106,-117.8848333,3.57,1.27,ml,16,107,0.02688,0.13,ci,ci39475719,2020-11-24T14:42:20.188Z,"9km NE of Coso Junction, CA",earthquake,0.29,0.5,0.234,19,reviewed,ci,ci
2020-11-24T09:33:56.340Z,19.5061664581299,-155.657836914062,-1.64999997615814,2.22,ml,31,63,,0.289999992,hv,hv72242787,2020-11-24T09:39:27.570Z,"22 km ENE of Honaunau-Napoopoo, Hawaii",earthquake,0.36,0.629999995,1.01,3,automatic,hv,hv
2020-11-24T09:23:59.370Z,38.176,-117.8173,7.4,2.9,ml,34,36.82,0.058,0.13,nn,nn00786014,2020-11-24T12:44:50.040Z,"34 km SE of Mina, Nevada",earthquake,,0.8,,,automatic,nn,nn
2020-11-24T09:16:50.410Z,38.1632,-117.8583,3.8,1.5,ml,14,74.71,0.047,0.04,nn,nn00786011,2020-11-24T09:24:57.594Z,"33 km SE of Mina, Nevada",earthquake,,0.3,,,automatic,nn,nn
2020-11-24T08:57:40.500Z,35.8806667,-117.6841667,3.63,0.87,ml,13,82,0.07248,0.17,ci,ci39475711,2020-11-24T09:01:25.441Z,"21km ESE of Little Lake, CA",earthquake,0.33,1.06,0.138,11,automatic,ci,ci
2020-11-24T08:48:21.230Z,38.8346672,-122.8180008,1.5,0.56,md,14,66,0.01285,0.02,nc,nc73486566,2020-11-24T09:55:03.864Z,"8km NW of The Geysers, CA",earthquake,0.28,0.58,,1,automatic,nc,nc
2020-11-24T08:45:51.280Z,36.0885,-117.8705,3.03,0.99,ml,9,165,0.03166,0.16,ci,ci39475703,2020-11-24T08:49:21.618Z,"8km NE of Coso Junction, CA",earthquake,0.59,1.11,0.176,11,automatic,ci,ci
2020-11-24T08:44:32.140Z,19.2223339080811,-155.38916015625,31.1100006103516,1.92999995,md,49,158,,0.119999997,hv,hv72242747,2020-11-24T08:47:37.130Z,"Island of Hawaii, Hawaii",earthquake,0.51,0.670000017,0.810000002,16,automatic,hv,hv
2020-11-24T08:42:54.360Z,35.029,-118.1526667,10,0.98,ml,16,62,0.1597,0.19,ci,ci39475695,2020-11-24T08:46:34.570Z,"3km SE of Mojave, CA",earthquake,0.32,1,0.227,15,automatic,ci,ci
2020-11-24T08:42:13.380Z,41.0143333,-111.5913333,10.58,2.01,ml,32,84,0.0646,0.13,uu,uu60419552,2020-11-24T14:32:33.460Z,"7 km ESE of Morgan, Utah",earthquake,0.2,0.43,0.066,8,reviewed,uu,uu
2020-11-24T08:33:27.768Z,-2.3712,128.088,10,4.9,mb,,76,3.204,1.13,us,us6000crxq,2020-11-24T11:17:33.040Z,"141 km NW of Amahai, Indonesia",earthquake,7,1.9,0.088,40,reviewed,us,us
2020-11-24T08:29:17.910Z,35.7445,-117.537,3.93,0.83,ml,14,150,0.08645,0.17,ci,ci39475687,2020-11-24T14:42:52.189Z,"12km WSW of Searles Valley, CA",earthquake,0.51,1.47,0.136,11,reviewed,ci,ci
2020-11-24T08:16:29.500Z,35.9066667,-117.7238333,4.08,1.19,ml,18,58,0.07244,0.12,ci,ci39475679,2020-11-24T14:43:07.494Z,"17km ESE of Little Lake, CA",earthquake,0.21,0.46,0.113,18,reviewed,ci,ci
2020-11-24T08:16:15.830Z,35.982,-117.7795,5.72,0.97,ml,16,50,0.02381,0.07,ci,ci39475671,2020-11-24T14:43:37.195Z,"12km ENE of Little Lake, CA",earthquake,0.18,0.32,0.226,14,reviewed,ci,ci
2020-11-24T08:13:34.250Z,38.7589989,-122.7176666,1.84,0.93,md,11,116,0.006192,0.03,nc,nc73486561,2020-11-24T08:31:06.325Z,"3km SW of Anderson Springs, CA",earthquake,0.33,0.37,0.16,4,automatic,nc,nc
2020-11-24T07:56:22.501Z,38.1724,-117.8433,6.6,3.1,ml,26,40.18,0.025,0.1541,nn,nn00786004,2020-11-24T13:22:55.040Z,"33 km SE of Mina, Nevada",earthquake,,0.7,0.25,12,reviewed,nn,nn
2020-11-24T07:53:33.220Z,38.8073349,-122.8541641,10.44,0.59,md,10,100,0.009265,0.15,nc,nc73486546,2020-11-24T08:24:05.286Z,"9km WNW of The Geysers, CA",earthquake,1.54,2.41,,1,automatic,nc,nc
2020-11-24T07:48:33.690Z,38.165,-117.8532,5.4,1.1,ml,15,105.38,0.012,0.05,nn,nn00786001,2020-11-24T07:57:37.515Z,"33 km SE of Mina, Nevada",earthquake,,0.5,,,automatic,nn,nn
2020-11-24T07:48:07.730Z,19.2388324737549,-155.406661987305,31.3999996185303,1.86000001,md,47,114,,0.109999999,hv,hv72242697,2020-11-24T07:51:15.500Z,"8 km ENE of Pāhala, Hawaii",earthquake,0.55,0.790000021,0.920000017,3,automatic,hv,hv
2020-11-24T07:15:59.050Z,38.207,-117.7677,7.3,1.5,ml,15,82.41,0.044,0.23,nn,nn00785998,2020-11-24T07:37:18.367Z,"36 km SE of Mina, Nevada",earthquake,,4.2,,,automatic,nn,nn
2020-11-24T07:10:01.020Z,38.2022,-117.7627,0.8,1.4,ml,12,89.18,0.042,0.22,nn,nn00785996,2020-11-24T07:14:37.529Z,"36 km SE of Mina, Nevada",earthquake,,16.3,,,automatic,nn,nn
2020-11-24T07:04:17.440Z,19.201000213623,-155.445327758789,32.3499984741211,1.86000001,md,36,155,,0.109999999,hv,hv72242657,2020-11-24T07:07:30.860Z,"3 km E of Pāhala, Hawaii",earthquake,0.55,0.75,0.159999996,5,automatic,hv,hv
2020-11-24T06:55:59.260Z,35.8718333,-117.7016667,6.9,0.82,ml,16,72,0.08139,0.11,ci,ci39475655,2020-11-24T06:59:43.931Z,"20km ESE of Little Lake, CA",earthquake,0.22,0.54,0.173,13,automatic,ci,ci
2020-11-24T06:38:05.780Z,38.8286667,-122.8011703,1.41,0.56,md,10,69,0.008722,0.02,nc,nc73486531,2020-11-24T06:39:42.054Z,"7km W of Cobb, CA",earthquake,0.41,0.76,,1,automatic,nc,nc
2020-11-24T06:37:29.990Z,38.8283348,-122.7985001,1.27,0.74,md,13,56,0.0103,0.03,nc,nc73486526,2020-11-24T06:39:06.884Z,"7km W of Cobb, CA",earthquake,0.27,0.64,0.17,2,automatic,nc,nc
2020-11-24T06:37:07.850Z,38.8274994,-122.7991638,1.4,1.82,md,29,42,0.009456,0.03,nc,nc73486521,2020-11-24T07:59:04.130Z,"7km W of Cobb, CA",earthquake,0.17,0.26,0.15,10,automatic,nc,nc
2020-11-24T06:36:19.910Z,38.8313332,-122.7979965,0.65,0.73,md,10,83,0.009254,0.03,nc,nc73486516,2020-11-24T06:56:04.737Z,"7km W of Cobb, CA",earthquake,0.32,0.83,,1,automatic,nc,nc
2020-11-24T06:35:56.880Z,38.8274994,-122.7979965,1.36,2.26,md,39,33,0.01029,0.05,nc,nc73486511,2020-11-24T07:33:06.970Z,"6km W of Cobb, CA",earthquake,0.16,0.25,0.18,13,automatic,nc,nc
2020-11-24T06:29:35.050Z,38.8199997,-122.8431702,1.82,2.42,md,45,50,0.007079,0.06,nc,nc73486501,2020-11-24T06:53:05.719Z,"9km WNW of The Geysers, CA",earthquake,0.18,0.23,0.12,28,automatic,nc,nc
2020-11-24T06:29:30.280Z,34.1551667,-117.4385,4.35,0.88,ml,20,123,0.03845,0.19,ci,ci39475639,2020-11-24T06:33:11.785Z,"7km NNE of Fontana, CA",earthquake,0.42,0.7,0.154,22,automatic,ci,ci
2020-11-24T06:22:27.804Z,61.6869,-151.8595,85.5,2.6,ml,,,,0.83,ak,ak020f47ijxr,2020-11-24T06:36:04.231Z,"41 km SW of Skwentna, Alaska",earthquake,,0.5,,,automatic,ak,ak
2020-11-24T06:07:59.970Z,38.1572,-117.8503,5.9,1.2,ml,11,103.12,0.018,0.06,nn,nn00785993,2020-11-24T06:50:36.928Z,"34 km SE of Mina, Nevada",earthquake,,0.5,,,automatic,nn,nn
2020-11-24T06:01:05.880Z,38.1383,-117.8448,0.6,1.5,ml,14,74.08,0.014,0.02,nn,nn00785990,2020-11-24T06:09:37.707Z,"36 km SE of Mina, Nevada",earthquake,,3.4,,,automatic,nn,nn
2020-11-24T05:44:05.600Z,38.7613335,-122.7233353,2.18,0.62,md,13,111,0.001221,0.02,nc,nc73486496,2020-11-24T06:38:06.631Z,"3km WSW of Anderson Springs, CA",earthquake,0.34,0.48,0.03,3,automatic,nc,nc
2020-11-24T05:42:55.730Z,33.4971667,-116.7871667,4.38,0.44,ml,14,60,0.01874,0.13,ci,ci39475615,2020-11-24T05:46:36.515Z,"9km NE of Aguanga, CA",earthquake,0.27,0.56,0.1,12,automatic,ci,ci
2020-11-24T05:39:36.430Z,38.181,-117.8017,12.1,1.5,ml,17,52.43,0.057,0.12,nn,nn00785987,2020-11-24T05:51:59.264Z,"35 km SE of Mina, Nevada",earthquake,,1.1,,,automatic,nn,nn
2020-11-24T05:28:30.470Z,38.821167,-122.8426666,2.07,2.18,md,40,51,0.006275,0.05,nc,nc73486481,2020-11-24T05:48:05.329Z,"9km WNW of The Geysers, CA",earthquake,0.17,0.28,0.15,15,automatic,nc,nc
2020-11-24T05:27:06.490Z,32.549,-115.642,9.75,1.96,ml,14,83,0.1228,0.15,ci,ci39475599,2020-11-24T05:31:02.411Z,"6km WSW of Progreso, B.C., MX",earthquake,0.5,1.13,0.176,26,automatic,ci,ci
2020-11-24T05:21:55.080Z,17.9535,-66.9811,10,2.29,md,10,200,0.0651,0.11,pr,pr2020329003,2020-11-24T05:49:25.249Z,"7 km ESE of La Parguera, Puerto Rico",earthquake,0.44,0.64,0.21,5,reviewed,pr,pr
2020-11-24T04:38:38.050Z,38.1377,-117.9527,14.2,1.4,ml,14,76.19,0.004,0.09,nn,nn00785984,2020-11-24T05:04:37.333Z,"31 km SSE of Mina, Nevada",earthquake,,0.5,,,automatic,nn,nn
2020-11-24T04:36:50.940Z,33.677,-116.6536667,11.29,0.57,ml,12,96,0.1314,0.28,ci,ci39475591,2020-11-24T04:40:33.076Z,"9km SE of Idyllwild, CA",earthquake,0.85,2.73,0.3,8,automatic,ci,ci
2020-11-24T04:27:38.210Z,19.1586666107178,-155.493835449219,33.4599990844727,2.05999994,md,35,159,,0.159999996,hv,hv72242547,2020-11-24T04:30:51.260Z,"5 km SSW of Pāhala, Hawaii",earthquake,0.9,0.99000001,2.05999994,4,automatic,hv,hv
2020-11-24T03:51:05.311Z,-22.4597,-68.689,113.62,4.2,mb,,38,0.679,0.8,us,us6000crwv,2020-11-24T05:31:46.040Z,"24 km E of Calama, Chile",earthquake,4.5,6,0.153,12,reviewed,us,us
2020-11-24T03:49:20.280Z,38.1707,-117.8372,2.4,1.9,ml,17,63.15,0.012,0.13,nn,nn00785977,2020-11-24T03:52:37.715Z,"34 km SE of Mina, Nevada",earthquake,,1.2,,,automatic,nn,nn
2020-11-24T03:49:00.985Z,17.3788,-93.9465,175.42,4.5,mb,,132,2.047,0.63,us,us6000crww,2020-11-24T05:38:28.040Z,"33 km NE of La Horqueta (Poblado Doce), Mexico",earthquake,9.9,10.5,0.064,71,reviewed,us,us
2020-11-24T03:38:45.750Z,40.7190018,-121.5948334,1.45,1.32,md,6,164,0.1404,0.06,nc,nc73486466,2020-11-24T04:26:03.824Z,"19km SSE of Burney, CA",earthquake,1.11,7.8,0.23,2,automatic,nc,nc
2020-11-24T03:25:06.430Z,38.1955,-117.8028,5.4,1.3,ml,18,56.8,0.046,0.16,nn,nn00785974,2020-11-24T03:49:57.349Z,"34 km SE of Mina, Nevada",earthquake,,1.3,,,automatic,nn,nn
2020-11-24T03:24:02.290Z,34.0471667,-116.9873333,12.37,0.97,ml,25,71,0.03908,0.21,ci,ci39475559,2020-11-24T03:28:05.896Z,"5km ENE of Yucaipa, CA",earthquake,0.36,0.84,0.177,29,automatic,ci,ci
2020-11-24T03:20:59.440Z,18.0305,-66.78,17,2.13,md,8,89,0.1136,0.16,pr,pr2020329001,2020-11-24T03:38:55.969Z,"1 km NE of Guayanilla, Puerto Rico",earthquake,0.59,0.56,0.07,4,reviewed,pr,pr
2020-11-24T03:03:53.050Z,35.8781667,-117.6971667,2.58,1.33,ml,20,74,0.07928,0.16,ci,ci39475543,2020-11-24T03:07:31.429Z,"20km ESE of Little Lake, CA",earthquake,0.21,0.39,0.153,21,automatic,ci,ci
2020-11-24T02:51:06.450Z,35.6815,-117.5255,2.16,0.71,ml,10,135,0.1462,0.18,ci,ci39475527,2020-11-24T02:54:41.336Z,"15km SW of Searles Valley, CA",earthquake,0.55,0.78,0.098,9,automatic,ci,ci
2020-11-24T02:08:34.207Z,61.2557,-146.8266,24.4,1.9,ml,,,,0.32,ak,ak020f451u1o,2020-11-24T02:11:55.312Z,"29 km WNW of Valdez, Alaska",earthquake,,3.7,,,automatic,ak,ak
2020-11-24T02:05:45.406Z,37.2012,-116.9373,11.4,2,ml,10,154.97,0.668,0.3542,nn,nn00785969,2020-11-24T02:25:25.568Z,"36 km NNW of Beatty, Nevada",earthquake,,89.9,1.25,5,reviewed,nn,nn
2020-11-24T02:04:59.330Z,38.1813,-117.7455,11,2.2,ml,21,106,0.054,0.09,nn,nn00785966,2020-11-24T02:25:18.222Z,"39 km SE of Mina, Nevada",earthquake,,1.3,,,automatic,nn,nn
2020-11-24T01:54:59.630Z,35.8406667,-117.6705,2.41,0.99,ml,13,78,0.06432,0.24,ci,ci39475511,2020-11-24T01:58:40.933Z,"24km ESE of Little Lake, CA",earthquake,0.46,0.64,0.111,13,automatic,ci,ci
2020-11-24T01:44:43.481Z,-33.6955,-70.3317,111.79,4.6,mb,,69,0.061,0.41,us,us6000crwl,2020-11-24T12:03:48.630Z,"Region Metropolitana, Chile",earthquake,4.6,4.6,0.183,9,reviewed,us,us
2020-11-24T01:26:42.860Z,38.1658,-117.8805,12.3,1.1,ml,10,179.38,0.018,0.02,nn,nn00785962,2020-11-24T01:30:00.220Z,"31 km SE of Mina, Nevada",earthquake,,0.8,,,automatic,nn,nn
2020-11-24T01:16:39.420Z,19.3618335723877,-155.472503662109,8.36999988555908,2.3,ml,42,39,,0.189999998,hv,hv72242352,2020-11-24T01:22:09.600Z,"17 km N of Pāhala, Hawaii",earthquake,0.39,0.649999976,0.13,9,automatic,hv,hv
2020-11-24T01:09:53.910Z,36.0641667,-117.367,3.1,1.03,ml,12,259,0.09905,0.11,ci,ci39475503,2020-11-24T14:45:11.521Z,"33km N of Searles Valley, CA",earthquake,0.63,1.01,0.129,9,reviewed,ci,ci
2020-11-24T01:06:07.160Z,38.8149986,-122.8206635,1.82,0.56,md,8,99,0.01178,0.01,nc,nc73486441,2020-11-24T01:29:05.761Z,"7km NW of The Geysers, CA",earthquake,0.49,1.02,,1,automatic,nc,nc
2020-11-24T00:59:07.940Z,36.9664993,-121.3991699,0.68,1.29,md,9,133,0.01668,0.16,nc,nc73486436,2020-11-24T02:54:04.303Z,"13km N of Hollister, CA",earthquake,0.88,11.79,0.07,6,automatic,nc,nc
2020-11-24T00:53:31.370Z,36.027,-117.8151667,1.54,0.5,ml,9,88,0.04049,0.09,ci,ci39475495,2020-11-24T01:39:03.116Z,"12km E of Coso Junction, CA",earthquake,0.15,0.29,0.101,3,reviewed,ci,ci
2020-11-24T00:49:10.976Z,64.5949,-149.4403,20,1.6,ml,,,,0.45,ak,ak020f443ped,2020-11-24T00:54:02.302Z,"15 km W of Four Mile Road, Alaska",earthquake,,0.4,,,automatic,ak,ak
2020-11-24T00:32:03.180Z,18.5315,-68.5501,151,3.57,md,13,193,0.1696,0.05,pr,pr2020329000,2020-11-24T01:25:34.040Z,"16 km WSW of Punta Cana, Dominican Republic",earthquake,8.75,0.84,0.25,12,reviewed,pr,pr
2020-11-24T00:28:41.310Z,35.6056671,-117.5596695,9.88,1.38,ml,14,186,0.09579,0.14,ci,ci39475447,2020-11-24T00:32:16.419Z,"11km E of Ridgecrest, CA",earthquake,0.67,1.07,0.167,3,automatic,ci,ci
2020-11-24T00:07:43.320Z,38.7983322,-122.7501678,1.92,0.86,md,11,97,0.01837,0.02,nc,nc73486426,2020-11-24T00:09:20.787Z,"2km NNE of The Geysers, CA",earthquake,0.31,0.94,0.27,3,automatic,nc,nc
2020-11-24T00:04:07.430Z,38.8266678,-122.8541641,2.33,0.58,md,7,101,0.00229,0.01,nc,nc73486416,2020-11-24T00:05:45.653Z,"10km WNW of The Geysers, CA",earthquake,0.46,0.88,,2,automatic,nc,nc
2020-11-24T00:02:54.850Z,64.9486,-147.3,0,1.6,ml,,,,0.92,ak,ak020f43tq4w,2020-11-24T00:07:07.503Z,"15 km NW of Two Rivers, Alaska",earthquake,,0.4,,,automatic,ak,ak
2020-11-24T00:02:43.690Z,38.8248329,-122.854332,2.35,0.94,md,20,63,0.003358,0.02,nc,nc73486406,2020-11-24T00:04:20.815Z,"10km WNW of The Geysers, CA",earthquake,0.22,0.43,0.13,5,automatic,nc,nc
2020-11-24T00:02:29.100Z,38.8308334,-122.8564987,2.29,1.02,md,17,64,0.003297,0.06,nc,nc73486401,2020-11-24T00:34:04.408Z,"10km NW of The Geysers, CA",earthquake,0.3,0.49,0.11,5,automatic,nc,nc
2020-11-24T00:00:27.250Z,38.8255005,-122.8535004,2.24,0.57,md,10,84,0.003333,0.01,nc,nc73486396,2020-11-24T00:23:05.333Z,"10km WNW of The Geysers, CA",earthquake,0.34,0.82,,1,automatic,nc,nc
2020-11-24T00:00:23.477Z,13.7561,145.6849,46.55,5.4,mb,,31,0.81,0.87,us,us6000crvb,2020-11-24T12:10:33.601Z,"Guam region",earthquake,8.7,5.1,0.033,315,reviewed,us,us
2020-11-23T23:49:12.000Z,44.5636667,-115.0013333,8.96,2.1,ml,14,69,0.357,0.21,mb,mb80477339,2020-11-24T00:13:09.610Z,"38 km N of Stanley, Idaho",earthquake,0.44,1.27,0.084,11,reviewed,mb,mb
2020-11-23T23:47:02.250Z,17.973,-66.8373,17,2.24,md,16,182,0.042,0.14,pr,pr2020328013,2020-11-24T00:26:27.650Z,"3 km SW of Indios, Puerto Rico",earthquake,0.59,0.37,0.27,11,reviewed,pr,pr
2020-11-23T23:46:35.330Z,44.5733333,-115,8.24,1.78,ml,13,82,0.366,0.21,mb,mb80477334,2020-11-24T00:07:34.140Z,"39 km N of Stanley, Idaho",earthquake,0.59,1.75,0.129,11,reviewed,mb,mb
2020-11-23T23:41:25.260Z,37.7891655,-122.2074966,9.51,1.26,md,10,101,0.09539,0.05,nc,nc73486391,2020-11-24T01:46:06.873Z,"2km ESE of Oakland, CA",earthquake,0.42,1.56,0.12,5,automatic,nc,nc
2020-11-23T23:32:18.438Z,62.1996,-150.0775,18.1,2,ml,,,,0.64,ak,ak020f2u5p83,2020-11-23T23:35:34.016Z,"12 km WNW of Susitna North, Alaska",earthquake,,0.2,,,automatic,ak,ak
2020-11-23T23:28:58.730Z,38.1577,-117.8655,6.1,1.9,ml,18,72.91,0.07,0.14,nn,nn00785957,2020-11-23T23:44:06.061Z,"33 km SE of Mina, Nevada",earthquake,,0.9,,,automatic,nn,nn
2020-11-23T23:25:45.449Z,61.6601,-148.1724,21,1.4,ml,,,,0.8,ak,ak020f2u49al,2020-11-23T23:29:53.399Z,"21 km SE of Chickaloon, Alaska",earthquake,,0.3,,,automatic,ak,ak
2020-11-23T23:12:35.081Z,64.231,-147.0158,9.3,0.8,ml,,,,0.32,ak,ak020f2u1fdm,2020-11-24T02:49:19.098Z,"25 km SW of Harding-Birch Lakes, Alaska",earthquake,,1.2,,,reviewed,ak,ak
2020-11-23T23:12:33.087Z,61.5867,-146.3968,27.8,2.1,ml,,,,0.65,ak,ak020f2u1g18,2020-11-23T23:15:31.836Z,"49 km SSE of Nelchina, Alaska",earthquake,,0.2,,,automatic,ak,ak
2020-11-23T23:02:15.340Z,35.8761667,-117.697,1.02,0.54,ml,10,74,0.08097,0.21,ci,ci39475351,2020-11-23T23:05:43.839Z,"20km ESE of Little Lake, CA",earthquake,0.38,1.17,0.084,6,automatic,ci,ci
2020-11-23T22:53:22.794Z,54.8963,-158.3689,36.1,3.6,ml,,,,0.63,ak,ak020f2tos6z,2020-11-24T01:37:39.040Z,"123 km SSE of Perryville, Alaska",earthquake,,0.7,,,reviewed,ak,ak
2020-11-23T22:48:57.900Z,39.3525,-123.264,2.52,1.06,md,5,289,0.1494,0.04,nc,nc73486381,2020-11-23T23:52:07.135Z,"10km SE of Willits, CA",earthquake,0.64,31.61,0.081,4,reviewed,nc,nc
2020-11-23T22:44:25.670Z,38.1758,-117.7903,12.4,1.7,ml,16,61.8,0.055,0.09,nn,nn00785951,2020-11-23T22:49:06.723Z,"36 km SE of Mina, Nevada",earthquake,,0.9,,,automatic,nn,nn
2020-11-23T22:40:11.480Z,33.3466667,-116.9408333,14.36,1.92,ml,57,32,0.06581,0.22,ci,ci39475335,2020-11-24T03:06:00.321Z,"7km W of Palomar Observatory, CA",earthquake,0.22,0.54,0.152,25,reviewed,ci,ci
2020-11-23T22:28:25.353Z,65.3588,-144.0238,0,2,ml,,,,1.01,ak,ak020f2tjfas,2020-11-23T22:38:37.976Z,"43 km ESE of Central, Alaska",earthquake,,0.3,,,automatic,ak,ak
2020-11-23T22:26:53.280Z,38.8133316,-122.7923355,2.76,0.74,md,16,65,0.005836,0.02,nc,nc73486371,2020-11-23T22:41:04.650Z,"5km NW of The Geysers, CA",earthquake,0.26,0.46,0.14,4,automatic,nc,nc
2020-11-23T22:22:31.070Z,35.877,-117.6886667,7.11,0.43,ml,6,95,0.07728,0.15,ci,ci39475303,2020-11-23T22:26:05.512Z,"21km ESE of Little Lake, CA",earthquake,0.48,1.78,0.073,4,automatic,ci,ci
2020-11-23T22:19:55.610Z,56.7351,-135.9307,24.4,4.3,ml,,,,0.79,ak,ak020f2thkhg,2020-11-24T13:48:57.765Z,"Southeastern Alaska",earthquake,,1,,,reviewed,ak,ak
2020-11-23T22:14:33.890Z,35.714,-117.5035,6.76,0.81,ml,16,102,0.1271,0.14,ci,ci39475279,2020-11-24T14:55:19.268Z,"11km WSW of Searles Valley, CA",earthquake,0.26,0.82,0.088,10,reviewed,ci,ci
2020-11-23T22:14:30.184Z,53.4357,-165.8156,35,4,mb,,177,0.58,1.24,us,us6000crtl,2020-11-24T01:23:31.099Z,"68 km SE of Unalaska, Alaska",earthquake,4.3,2,0.087,36,reviewed,us,us
2020-11-23T22:07:51.632Z,-22.6121,-66.156,255.95,4.6,mwr,,34,1.897,0.99,us,us6000crt3,2020-11-24T01:20:30.040Z,"48 km WNW of Abra Pampa, Argentina",earthquake,7.6,6.2,,,reviewed,us,guc
2020-11-23T22:07:35.750Z,17.9293,-66.9886,11,2.75,md,18,224,0.0686,0.1,pr,pr2020328012,2020-11-23T22:24:51.178Z,"7 km SE of La Parguera, Puerto Rico",earthquake,0.58,0.41,0.29,14,reviewed,pr,pr
2020-11-23T21:56:10.180Z,38.7931671,-122.8068314,2.62,0.84,md,10,147,0.005658,0.04,nc,nc73486361,2020-11-23T21:57:45.836Z,"5km WNW of The Geysers, CA",earthquake,0.42,1.07,0.06,2,automatic,nc,nc
2020-11-23T21:27:27.510Z,33.8405,-116.8748333,8.16,0.94,ml,22,177,0.1584,0.19,ci,ci39475215,2020-11-23T21:31:12.134Z,"10km S of Banning, CA",earthquake,0.57,1.54,0.171,21,automatic,ci,ci
2020-11-23T21:22:29.310Z,36.8283348,-121.5565033,5.82,2.18,md,31,64,0.03476,0.12,nc,nc73486356,2020-11-23T22:01:05.553Z,"2km SW of San Juan Bautista, CA",earthquake,0.29,0.54,0.17,32,automatic,nc,nc
2020-11-23T21:13:49.730Z,35.8815,-117.6985,2.17,1.46,ml,23,73,0.07692,0.21,ci,ci39475207,2020-11-23T21:17:44.029Z,"20km ESE of Little Lake, CA",earthquake,0.26,0.44,0.161,20,automatic,ci,ci
2020-11-23T21:12:42.380Z,38.8084984,-122.739502,2.57,0.64,md,8,122,0.01764,0.02,nc,nc73486341,2020-11-23T21:14:21.526Z,"2km SW of Cobb, CA",earthquake,0.42,1.27,0.07,2,automatic,nc,nc
2020-11-23T21:06:23.510Z,38.8235016,-122.8095016,1.59,0.62,md,14,98,0.0004596,0.02,nc,nc73486326,2020-11-23T21:40:05.274Z,"7km NW of The Geysers, CA",earthquake,0.27,0.57,0.35,2,automatic,nc,nc
2020-11-23T21:00:09.590Z,38.8071671,-122.739502,2.01,1,md,15,119,0.01709,0.02,nc,nc73486321,2020-11-23T21:01:45.272Z,"2km SW of Cobb, CA",earthquake,0.3,0.66,0.24,3,automatic,nc,nc
2020-11-23T20:57:58.820Z,33.4176667,-116.6161667,8.41,0.82,ml,28,43,0.07771,0.2,ci,ci39475191,2020-11-23T21:01:29.800Z,"15km N of Warner Springs, CA",earthquake,0.3,0.75,0.12,19,automatic,ci,ci
2020-11-23T20:55:45.260Z,38.8251648,-122.8119965,2.01,1.09,md,25,37,0.002319,0.02,nc,nc73486316,2020-11-23T20:57:20.743Z,"7km NW of The Geysers, CA",earthquake,0.18,0.39,0.07,6,automatic,nc,nc
2020-11-23T20:54:40.740Z,38.8248329,-122.8118362,2.02,1.87,md,34,37,0.001989,0.03,nc,nc73486311,2020-11-23T22:11:05.457Z,"7km NW of The Geysers, CA",earthquake,0.16,0.29,0.12,12,automatic,nc,nc
2020-11-23T20:54:34.760Z,33.8785019,-117.4868317,3.07,1.34,ml,13,126,0.07015,0.21,ci,ci39475183,2020-11-23T20:58:23.778Z,"3km E of Home Gardens, CA",earthquake,0.72,0.49,0.333,3,automatic,ci,ci
2020-11-23T20:45:33.170Z,44.3391667,-115.0378333,6.42,2.02,ml,12,57,0.14,0.28,mb,mb80477284,2020-11-23T21:18:12.920Z,"15 km NNW of Stanley, Idaho",earthquake,0.57,1.49,0.216,13,reviewed,mb,mb
2020-11-23T20:43:02.270Z,44.2655,-115.0625,7.66,2.06,ml,12,68,0.087,0.24,mb,mb80477279,2020-11-23T21:26:25.360Z,"11 km WNW of Stanley, Idaho",earthquake,0.51,0.87,0.134,12,reviewed,mb,mb
2020-11-23T20:33:50.920Z,38.7794991,-122.7225037,1.77,0.4,md,6,104,0.01173,0,nc,nc73486301,2020-11-23T20:57:07.017Z,"3km W of Anderson Springs, CA",earthquake,0.48,0.93,0.31,2,automatic,nc,nc
2020-11-23T20:32:47.930Z,33.1353333,-117.1525,-0.18,0.88,ml,22,62,0.02843,0.24,ci,ci39475167,2020-11-23T21:33:05.520Z,"2km SE of San Marcos, CA",quarry blast,0.55,31.61,0.205,9,reviewed,ci,ci
2020-11-23T20:18:32.165Z,63.2863,-151.7853,0,2.4,ml,,,,0.65,ak,ak020f2safgv,2020-11-23T20:32:24.996Z,"28 km S of Denali National Park, Alaska",earthquake,,0.2,,,automatic,ak,ak
2020-11-23T20:09:30.000Z,33.519,-116.741,4.94,0.57,ml,17,99,0.04638,0.16,ci,ci39475151,2020-11-23T20:13:13.482Z,"7km WSW of Anza, CA",earthquake,0.36,0.64,0.166,16,automatic,ci,ci
2020-11-23T20:09:25.121Z,38.1667,-118.0723,4.7,2.7,ml,32,43.67,0.017,0.1549,nn,nn00785936,2020-11-24T02:28:38.067Z,"25 km S of Mina, Nevada",earthquake,,0.9,0.26,17,reviewed,nn,nn
2020-11-23T20:08:16.950Z,35.8778333,-117.6903333,2.97,1.25,ml,16,78,0.07707,0.15,ci,ci39475143,2020-11-23T20:11:58.473Z,"21km ESE of Little Lake, CA",earthquake,0.28,0.54,0.085,14,automatic,ci,ci
2020-11-23T20:02:41.200Z,35.773,-117.6025,12.88,1,mh,12,137,0.04284,0.14,ci,ci39475135,2020-11-23T20:48:30.612Z,"18km W of Searles Valley, CA",earthquake,0.43,0.67,,0,reviewed,ci,ci
2020-11-23T20:00:32.420Z,38.175,-117.8133,7.5,1.4,ml,12,83.86,0.032,0.18,nn,nn00785933,2020-11-23T20:10:23.912Z,"35 km SE of Mina, Nevada",earthquake,,1.7,,,automatic,nn,nn
2020-11-23T19:54:09.380Z,34.9965,-118.1905,-0.8,1.29,ml,18,54,0.1215,0.2,ci,ci39475127,2020-11-23T20:16:30.422Z,"6km SSW of Mojave, CA",quarry blast,0.44,31.61,0.158,22,reviewed,ci,ci
2020-11-23T19:52:53.680Z,38.8231659,-122.7826691,1.88,1.21,md,25,41,0.01001,0.02,nc,nc73486286,2020-11-23T21:31:04.231Z,"5km W of Cobb, CA",earthquake,0.18,0.33,0.2,6,automatic,nc,nc
2020-11-23T19:52:36.830Z,35.882,-117.6746667,10.82,0.77,ml,9,89,0.06865,0.18,ci,ci39475119,2020-11-23T19:56:07.387Z,"22km ESE of Little Lake, CA",earthquake,0.52,0.81,0.102,10,automatic,ci,ci
2020-11-23T19:51:29.160Z,46.975,-122.219166666667,-0.3,1.24,ml,14,116,0.01181,0.18,uw,uw61692652,2020-11-23T23:18:14.610Z,"1 km SSE of Kapowsin, Washington",explosion,0.55,31.61,0.13222697823204,4,reviewed,uw,uw
2020-11-23T19:49:43.120Z,44.769,-111.514,9.99,0.55,ml,11,153,0.086,0.2,mb,mb80477269,2020-11-23T20:42:24.630Z,"25 km W of Hebgen Lake Estates, Montana",earthquake,1.51,2.83,0.158,3,reviewed,mb,mb
2020-11-23T19:49:12.290Z,44.5611667,-115.0038333,6.01,1.9,ml,12,92,0.354,0.17,mb,mb80477264,2020-11-23T20:37:46.480Z,"38 km N of Stanley, Idaho",earthquake,0.41,1.24,0.1,9,reviewed,mb,mb
2020-11-23T19:45:53.670Z,37.5385,-118.8236667,4.27,0.99,md,22,110,0.05162,0.03,nc,nc73486281,2020-11-23T21:19:04.157Z,"13km WSW of Toms Place, CA",earthquake,0.27,0.54,0.085,15,reviewed,nc,nc
2020-11-23T19:41:55.760Z,34.4001667,-118.18,-1.08,1.09,ml,10,134,0.09792,0.17,ci,ci39475095,2020-11-23T20:16:06.718Z,"8km S of Acton, CA",quarry blast,0.55,31.61,0.163,5,reviewed,ci,ci
2020-11-23T19:38:31.200Z,38.8339996,-122.7888336,2.09,0.41,md,9,89,0.004558,0.02,nc,nc73486276,2020-11-23T19:54:04.636Z,"6km WNW of Cobb, CA",earthquake,0.42,0.64,0.16,2,automatic,nc,nc
2020-11-23T19:18:48.930Z,38.1667,-117.8797,4.8,1.4,ml,11,101.57,0.004,0.06,nn,nn00785926,2020-11-23T19:48:43.121Z,"31 km SE of Mina, Nevada",earthquake,,0.9,,,automatic,nn,nn
2020-11-23T19:18:42.900Z,33.913,-117.0731667,8.09,0.78,ml,29,53,0.07745,0.17,ci,ci39475071,2020-11-23T19:53:15.411Z,"9km SSW of Calimesa, CA",earthquake,0.22,1.14,0.122,15,reviewed,ci,ci
2020-11-23T19:18:28.590Z,37.6414986,-118.9651642,3.78,0.47,md,7,151,0.03172,0.02,nc,nc73486271,2020-11-23T19:33:06.508Z,"1km ENE of Mammoth Lakes, CA",earthquake,0.69,1.88,0.18,6,automatic,nc,nc
2020-11-23T19:14:40.770Z,58.3369,-151.2484,35.5,2.6,ml,,,,0.97,ak,ak020f2ro5n1,2020-11-23T19:43:35.040Z,"87 km ENE of Ouzinkie, Alaska",earthquake,,20.7,,,automatic,ak,ak
2020-11-23T19:11:47.930Z,34.0341667,-117.2446667,13.67,0.93,ml,24,100,0.116,0.23,ci,ci39475063,2020-11-23T19:15:38.754Z,"2km SE of Loma Linda, CA",earthquake,0.38,1.03,0.136,21,automatic,ci,ci
2020-11-23T19:11:27.330Z,38.1703,-117.8867,4.5,1.1,ml,11,67.82,0.002,0.1,nn,nn00785924,2020-11-23T19:20:02.244Z,"31 km SE of Mina, Nevada",earthquake,,7.4,,,automatic,nn,nn
2020-11-23T19:03:40.530Z,38.2097,-117.9693,7.8,0.9,ml,9,114.83,0.056,0.1,nn,nn00785922,2020-11-23T19:13:23.084Z,"23 km SSE of Mina, Nevada",earthquake,,0.9,,,automatic,nn,nn
2020-11-23T19:03:35.360Z,38.7495003,-122.7265015,1.18,2.08,md,27,70,0.01214,0.11,nc,nc73486261,2020-11-23T20:25:07.216Z,"4km SE of The Geysers, CA",earthquake,0.32,0.45,0.07,13,automatic,nc,nc
2020-11-23T19:02:28.880Z,38.165,-117.849,6.3,1.6,ml,16,76.53,0.003,0.12,nn,nn00785919,2020-11-23T19:06:03.865Z,"33 km SE of Mina, Nevada",earthquake,,0.9,,,automatic,nn,nn
2020-11-23T18:53:06.190Z,17.9253,-66.9153,13,2.49,md,12,222,0.0615,0.1,pr,pr2020328011,2020-11-23T21:59:17.266Z,"5 km S of Guánica, Puerto Rico",earthquake,0.71,0.35,0.21,9,reviewed,pr,pr
2020-11-23T18:47:11.320Z,38.1417,-118.0745,6.3,1.9,ml,20,78.32,0.028,0.12,nn,nn00785914,2020-11-23T19:03:05.763Z,"27 km S of Mina, Nevada",earthquake,,1.5,,,automatic,nn,nn
2020-11-23T18:41:53.980Z,33.364,-116.8756667,21.95,0.73,ml,28,47,0.01504,0.27,ci,ci39475039,2020-11-23T18:45:43.146Z,"1km NW of Palomar Observatory, CA",earthquake,0.44,1.05,0.151,15,automatic,ci,ci
2020-11-23T18:36:21.920Z,19.3828333333333,-155.238333333333,1.96,2.12,ml,32,77,,0.1,hv,hv72241977,2020-11-23T20:46:33.240Z,"6 km S of Volcano, Hawaii",earthquake,0.2,0.19,0.162308087399007,10,reviewed,hv,hv
2020-11-23T18:30:39.271Z,69.5007,-144.4956,8.3,2.4,ml,,,,0.57,ak,ak020f2r65r4,2020-11-24T02:41:38.175Z,"78 km SSW of Kaktovik, Alaska",earthquake,,0.1,,,reviewed,ak,ak
2020-11-23T18:30:07.800Z,38.8301659,-122.8768311,1.89,0.34,md,12,72,0.009564,0.02,nc,nc73486256,2020-11-23T18:54:05.449Z,"12km WNW of The Geysers, CA",earthquake,0.32,0.51,0.25,2,automatic,nc,nc
2020-11-23T18:24:44.910Z,44.3386667,-115.0221667,4.53,1.89,ml,9,113,0.136,0.16,mb,mb80477254,2020-11-23T19:24:09.690Z,"15 km NNW of Stanley, Idaho",earthquake,0.41,1.83,0.233,9,reviewed,mb,mb
2020-11-23T18:19:14.290Z,38.7456665,-122.7021637,1.39,1.06,md,8,141,0.02259,0.02,nc,nc73486251,2020-11-23T19:19:04.577Z,"3km SSW of Anderson Springs, CA",earthquake,0.95,1.31,0.6,3,automatic,nc,nc
2020-11-23T18:00:13.020Z,44.3228333,-115.023,4.97,2,ml,12,140,0.121,0.19,mb,mb80477249,2020-11-23T23:28:51.060Z,"13 km NNW of Stanley, Idaho",earthquake,0.84,1.66,0.238,12,reviewed,mb,mb
2020-11-23T17:57:32.910Z,35.688,-117.5011667,4.54,1.47,ml,14,103,0.1061,0.15,ci,ci39474991,2020-11-23T18:01:20.669Z,"12km SW of Searles Valley, CA",earthquake,0.33,0.79,0.174,16,automatic,ci,ci
2020-11-23T17:54:54.480Z,33.4911667,-116.782,6.87,0.35,ml,16,65,0.08292,0.15,ci,ci39474983,2020-11-24T04:29:47.698Z,"9km NE of Aguanga, CA",earthquake,0.27,0.79,0.015,4,reviewed,ci,ci
2020-11-23T17:53:37.490Z,51.8601666666667,-177.769166666667,4.12,1.31,ml,5,179,,0.08,av,av91012758,2020-11-24T03:20:15.730Z,"78 km W of Adak, Alaska",earthquake,0.36,1,0.198730725228755,5,reviewed,av,av
2020-11-23T17:53:04.940Z,51.8598333333333,-177.769833333333,4.15,1.79,ml,7,160,,0.07,av,av91012753,2020-11-24T03:17:35.100Z,"78 km W of Adak, Alaska",earthquake,0.32,0.92,0.105711000244387,7,reviewed,av,av
2020-11-23T17:52:35.680Z,51.8581666666667,-177.772,4.05,1.95,ml,8,158,,0.09,av,av91147241,2020-11-24T03:15:19.550Z,"78 km W of Adak, Alaska",earthquake,0.31,0.95,0.172741578566884,8,reviewed,av,av
2020-11-23T17:51:38.491Z,38.1778,-117.8768,9.9,0.9,ml,19,104.67,0.016,0.16,nn,nn00785911,2020-11-24T02:28:29.696Z,"31 km SE of Mina, Nevada",earthquake,,0.8,0.25,7,reviewed,nn,nn
2020-11-23T17:36:02.340Z,33.6895,-117.0188333,12.09,0.97,ml,38,49,0.02352,0.2,ci,ci39474975,2020-11-23T17:39:47.850Z,"6km ESE of Winchester, CA",earthquake,0.31,0.44,0.115,27,automatic,ci,ci
2020-11-23T17:30:14.160Z,35.6873333,-117.5595,9.6,0.49,ml,12,111,0.09169,0.15,ci,ci39474967,2020-11-23T18:04:39.671Z,"13km NE of Ridgecrest, CA",earthquake,0.38,1.24,0.111,4,reviewed,ci,ci
2020-11-23T17:20:17.850Z,19.230167388916,-155.373168945312,31.0200004577637,2.28,ml,42,159,,0.159999996,hv,hv72241902,2020-11-23T17:25:47.160Z,"11 km ENE of Pāhala, Hawaii",earthquake,0.62,0.810000002,0.26,4,automatic,hv,hv
2020-11-23T17:12:06.570Z,36.4435,-117.9645,2.38,1.25,ml,18,69,0.09333,0.2,ci,ci39474951,2020-11-23T19:09:41.953Z,"18km NNE of Olancha, CA",earthquake,0.3,0.62,0.179,6,reviewed,ci,ci
2020-11-23T16:57:48.550Z,34.4653333,-117.9651667,8.73,0.37,ml,6,107,0.01823,0.05,ci,ci39474943,2020-11-23T17:53:06.593Z,"6km SSE of Littlerock, CA",earthquake,0.24,0.37,0.162,3,reviewed,ci,ci
2020-11-23T16:57:01.783Z,39.9323,-120.0682,8.2,0.7,ml,6,192.48,0.187,0.1347,nn,nn00785960,2020-11-24T02:28:54.298Z,"11 km SSE of Doyle, California",earthquake,,6.7,0.41,5,reviewed,nn,nn
2020-11-23T16:51:40.350Z,33.0426667,-116.3911667,4.92,1.01,ml,27,101,0.1147,0.17,ci,ci39474935,2020-11-23T16:55:30.909Z,"20km ESE of Julian, CA",earthquake,0.35,1.56,0.094,20,automatic,ci,ci
2020-11-23T16:33:56.230Z,19.2103333333333,-155.445833333333,37.14,1.77,md,40,125,,0.11,hv,hv72241872,2020-11-23T20:23:42.300Z,"3 km ENE of Pāhala, Hawaii",earthquake,0.47,0.63,0.0412132171704167,15,reviewed,hv,hv
2020-11-23T16:27:41.928Z,61.5362,-149.9257,44.9,1.7,ml,,,,0.87,ak,ak020f2pyn80,2020-11-23T17:08:04.560Z,"2 km NE of Big Lake, Alaska",earthquake,,1.1,,,automatic,ak,ak
2020-11-23T16:17:59.170Z,19.4023342132568,-155.270172119141,0.629999995231628,1.76,ml,16,62,,0.140000001,hv,hv72241847,2020-11-23T16:23:31.870Z,"5 km SW of Volcano, Hawaii",earthquake,0.19,0.25999999,0.2,3,automatic,hv,hv
2020-11-23T16:13:15.309Z,38.4847,-118.4507,7.3,0.5,ml,11,211.01,0.102,0.0745,nn,nn00785959,2020-11-24T02:28:52.932Z,"15 km ESE of Hawthorne, Nevada",earthquake,,3.7,0,1,reviewed,nn,nn
2020-11-23T16:13:06.060Z,18.7548,-65.098,54,3.37,md,7,339,0.9691,0.21,pr,pr2020328010,2020-11-23T18:13:41.128Z,"48 km NNW of Charlotte Amalie, U.S. Virgin Islands",earthquake,4.87,8.27,0.06,4,reviewed,pr,pr
2020-11-23T16:10:13.709Z,38.4842,-118.4453,7.3,0.5,ml,10,208.68,0.098,0.1138,nn,nn00785956,2020-11-24T02:28:51.765Z,"16 km ESE of Hawthorne, Nevada",earthquake,,4.8,0,1,reviewed,nn,nn
2020-11-23T16:02:59.010Z,38.497,-118.4335,0.9,0.8,ml,9,142.75,0.099,0.07,nn,nn00785904,2020-11-23T16:43:00.948Z,"16 km E of Hawthorne, Nevada",earthquake,,9.6,,,automatic,nn,nn
2020-11-23T16:00:21.040Z,48.5616666666667,-123.048833333333,18.28,1.02,ml,9,108,0.02843,0.24,uw,uw61692632,2020-11-23T22:13:39.460Z,"3 km NW of Friday Harbor, Washington",earthquake,0.87,1.17,0.196422567472353,3,reviewed,uw,uw
2020-11-23T15:54:30.670Z,35.6871667,-117.5241667,6.48,0.97,ml,10,112,0.1415,0.11,ci,ci39474871,2020-11-23T17:40:03.366Z,"14km SW of Searles Valley, CA",earthquake,0.42,1.11,0.095,11,reviewed,ci,ci
2020-11-23T15:50:11.850Z,38.8198318,-122.7783356,1.85,0.91,md,17,63,0.006815,0.03,nc,nc73486231,2020-11-23T16:58:04.591Z,"5km W of Cobb, CA",earthquake,0.24,0.47,0.15,3,automatic,nc,nc
2020-11-23T15:40:21.480Z,56.1208,164.4502,10,4.5,mb,,89,4.584,0.62,us,us6000crn6,2020-11-23T17:23:18.040Z,"123 km E of Ust’-Kamchatsk Staryy, Russia",earthquake,9.7,1.9,0.07,60,reviewed,us,us
2020-11-23T15:35:43.850Z,33.6538333,-116.7501667,14.34,0.39,ml,15,104,0.0611,0.08,ci,ci39474863,2020-11-23T17:49:01.955Z,"10km SSW of Idyllwild, CA",earthquake,0.24,0.41,0.076,2,reviewed,ci,ci
2020-11-23T15:25:22.177Z,51.7129,179.6182,110.81,3,ml,,343,0.985,0.42,us,us6000crpl,2020-11-23T23:27:47.688Z,"259 km W of Adak, Alaska",earthquake,20.3,12.6,0.148,6,reviewed,us,us
2020-11-23T15:22:37.770Z,38.8235016,-122.8089981,2.75,0.55,md,10,92,0.0008471,0.01,nc,nc73486221,2020-11-23T15:37:06.043Z,"7km NW of The Geysers, CA",earthquake,0.38,1.05,,1,automatic,nc,nc
2020-11-23T15:13:19.000Z,17.9498,-66.931,11,2.13,md,7,212,0.0576,0.17,pr,pr2020328009,2020-11-23T15:26:39.787Z,"3 km SW of Guánica, Puerto Rico",earthquake,0.74,0.87,0.19,5,reviewed,pr,pr
2020-11-23T15:11:43.540Z,32.7488333,-115.814,5.37,1.74,ml,19,65,0.1237,0.23,ci,ci39474855,2020-11-23T17:40:29.538Z,"17km E of Ocotillo, CA",earthquake,0.41,1.11,0.159,29,reviewed,ci,ci
2020-11-23T15:05:17.190Z,36.45933333,-98.15866667,7.58,1.82,ml,78,41,0.1034796938,0.26,ok,ok2020xapj,2020-11-23T17:44:20.184Z,"8 km S of Goltry, Oklahoma",earthquake,,0.6,0.18,35,reviewed,ok,ok
