x1,x2,Class
8.895240442601963,8.496427073465306,0.0
9.548592299884719,9.536637459237198,0.0
8.799618377898296,10.319401497873393,0.0
9.042029284156454,11.143010510637751,0.0
9.84876553087043,9.974192688735663,0.0
9.173650638776094,9.355276996572279,0.0
10.695163904941419,9.516476586825412,0.0
10.914568351196818,8.80627456221362,0.0
9.206764124008584,9.451437594218618,0.0
10.002697660268527,10.405388916569283,0.0
9.729834767117081,9.56108027948573,0.0
12.101377554972157,10.847772695610645,0.0
9.092437710774973,10.417509693190878,0.0
9.113986454403085,8.137054110527332,0.0
9.056642241003138,9.731815862383552,0.0
9.54973102975342,8.691347000128552,0.0
11.039342119496492,10.85267772306728,0.0
9.674224360575796,10.825763103320364,0.0
9.868259805902818,9.733651531370057,0.0
9.972532932851,11.337133325675046,0.0
10.816301538658992,10.730679802159504,0.0
11.527528641977039,9.798319254693752,0.0
10.772174399571362,8.826432577048196,0.0
10.254907654284219,8.954086589507078,0.0
8.92623762634115,8.953655387595619,0.0
10.324086686345867,10.238583101520204,0.0
10.98215091260176,9.216006968700604,0.0
8.72740836775481,12.431229679513075,0.0
10.921860014687274,8.435186077294999,0.0
11.393687309327976,9.956137214075454,0.0
10.633669471595562,9.502214603373927,0.0
11.605303798028936,8.449274914833872,0.0
9.359064540119268,9.60405237025876,0.0
12.094533812888324,10.286816170947787,0.0
8.903908073099618,9.605350539460124,0.0
10.853617970744455,10.361863272353999,0.0
9.981848285709635,10.153856950345977,0.0
10.25422471036699,9.569201321454404,0.0
8.563475301058517,9.59599407037628,0.0
9.562289195208738,8.586636875602721,0.0
11.02269703710817,9.327624773820023,0.0
9.99134732405636,9.901233909534962,0.0
10.716606763148242,11.216804763133563,0.0
10.522373409612673,9.401743829988815,0.0
10.758685227834919,10.12037684627747,0.0
10.44558184931814,11.49702524360672,0.0
10.091994754638849,9.930496268966161,0.0
9.76285142141425,7.796478731263045,0.0
10.50089684087826,8.681421996317399,0.0
9.391144736874834,9.53932436962983,0.0
11.160958462846,8.724123367395277,0.0
10.619905312032033,10.102744187256189,0.0
10.144304825160788,11.202164642082744,0.0
10.037714255669098,8.57333595418349,0.0
9.475848124167108,10.842937132093057,0.0
9.737507237278377,10.602690409587783,0.0
10.866729550147474,9.944125477936254,0.0
8.901369930397621,10.589376697906324,0.0
11.304862237065171,9.65584801902699,0.0
12.158314729563665,13.55996855811004,0.0
10.1060478763224,12.474540845043048,0.0
10.509412913857823,11.563112129826433,0.0
8.573036314726098,10.009738607308828,0.0
7.584916208518616,8.209810629270294,0.0
8.889860070750213,10.663500515331336,0.0
11.026082911839463,10.513999636658488,0.0
9.788495032939943,10.985302524982885,0.0
9.174142786728677,10.664848973098419,0.0
10.196338736765671,10.783778524181663,0.0
10.4508214788793,10.757460132808506,0.0
10.81510034984196,10.440701393834711,0.0
9.91277276256928,10.694590679475489,0.0
11.211773888196854,10.108295403199977,0.0
10.847085848411979,11.441265916896533,0.0
10.929741343216254,10.271590156556583,0.0
9.081285199500687,10.413958994654877,0.0
10.312637039465242,9.850724323196584,0.0
10.636802558206991,11.750541416001463,0.0
11.648671729854964,10.72676888838354,0.0
9.997999677825934,10.808494698061025,0.0
12.092006195402007,10.400866796343829,0.0
9.445741103126363,11.976356079993819,0.0
10.802978830008808,10.075946287975256,0.0
8.842984242683428,10.347898153982417,0.0
10.521620898857465,11.653359921671097,0.0
11.126408930631307,10.348407187883566,0.0
9.607951484259948,10.203052815007863,0.0
9.386743695286984,7.905390211004768,0.0
9.850864344976056,8.96134632630881,0.0
9.826205450820195,11.301724209787057,0.0
8.138782708797853,10.978498141017923,0.0
10.484148911536819,8.306394911654118,0.0
10.190663309271725,9.779272360390594,0.0
11.342943094764324,8.138199678923003,0.0
8.43980911048499,8.396406263348391,0.0
9.431356163972994,11.06836983097109,0.0
9.475353701533587,10.06026700223921,0.0
10.120759322642513,11.170190308088173,0.0
9.557438845271086,10.132626164862009,0.0
10.110079658401515,8.711351588248691,0.0
9.808151364556817,11.14156889305318,0.0
9.003127070959222,9.046961959646236,0.0
9.881871817952499,10.374476153348597,0.0
9.522411072086033,9.884314902626285,0.0
9.952207460329653,9.539713036117268,0.0
9.452878883908815,10.244244876656012,0.0
10.28664297931891,10.530331959010722,0.0
10.376970360991425,11.412996156830985,0.0
10.719779580212803,7.853415321644925,0.0
10.179745859339539,10.12296962082009,0.0
11.078130686316698,10.394440550091637,0.0
9.263936058155092,10.399749079177584,0.0
9.031274690981258,10.615298507442679,0.0
8.916176780852094,11.013252851083598,0.0
10.975732217290386,9.380119612629292,0.0
10.87588291928482,10.691074457002989,0.0
10.40426898524556,9.425814004388979,0.0
8.707288448459193,10.001485968483946,0.0
8.563530366529134,10.93928474313617,0.0
10.02271502141863,10.260326971849326,0.0
10.90187506973078,10.855287033551303,0.0
10.351535455187983,10.617019326312718,0.0
9.904902664446709,9.786389847670582,0.0
11.364885298962394,12.714601246435066,0.0
9.684402262610865,9.014045347522623,0.0
11.95313079742271,12.17996330940737,0.0
10.821257064616116,9.668598231799141,0.0
10.179723396032031,11.83177958062305,0.0
10.058219376987092,10.061042736284916,0.0
9.414944667808127,9.225254041584305,0.0
11.687597058197069,10.960001192306336,0.0
11.53956716573841,9.10097035249797,0.0
11.538528149561762,10.423693495541537,0.0
11.534942421222901,9.32190069440951,0.0
11.264322315126714,8.896280059376144,0.0
10.166863122692137,10.657244367579883,0.0
10.365241266275028,10.773120707506468,0.0
10.87962692857409,10.249208626459364,0.0
10.184042107257396,10.620315400494365,0.0
9.594300718392478,8.361844502167134,0.0
8.111209200291164,8.748784259026506,0.0
10.340994170449443,9.384282010655195,0.0
10.613559455153833,8.9088362212863,0.0
9.19273168353316,8.93725269452238,0.0
9.866323890633662,10.18985374908416,0.0
8.439541508026586,8.982874137315266,0.0
10.947618685283924,8.3891232678781,0.0
9.922513466688448,9.94136349174644,0.0
8.446761703242837,11.07756744593301,0.0
8.89916081496947,9.812832660810356,0.0
9.764357038738,10.262947669652819,0.0
11.815117165425782,10.109556921902831,0.0
9.857043105979482,7.659556088764159,0.0
8.532714687990874,8.084200436141293,0.0
8.819961698734843,9.737069173184054,0.0
10.374115142541227,9.430776345909754,0.0
8.76727480879876,9.916637691624132,0.0
10.899122513946164,10.30103609145815,0.0
8.829312574689986,8.091398513933983,0.0
10.34271505338515,9.789414520318426,0.0
11.58456506680928,9.61116300945382,0.0
9.855000101809733,9.225084555530215,0.0
9.728422159599866,10.622742922162807,0.0
9.456421335365631,8.463156369548797,0.0
10.895304567378298,7.427734754784425,0.0
9.973421785272727,11.054250818943117,0.0
7.964474799891899,9.817584688473627,0.0
10.732386826293281,11.519350433663659,0.0
10.970594188129002,10.018391951771934,0.0
10.598615180217989,9.64333507591457,0.0
8.910425552871239,10.234334705456286,0.0
8.765989935009728,9.810520418324742,0.0
9.533459831039453,10.93599301686392,0.0
9.38530940543151,9.346523288731522,0.0
9.057363593724684,9.980621691976458,0.0
10.914614716688137,9.873641574063143,0.0
8.156178851267525,10.401973224035897,0.0
11.49129812034248,10.35891668605697,0.0
9.823656412362782,7.991512009780555,0.0
10.904971741532082,10.69922587878431,0.0
11.083154754337667,9.4010381773946,0.0
9.98010255418598,10.760827380251786,0.0
9.443530657379155,10.729312631701125,0.0
12.576007288704389,10.115201607966439,0.0
10.961884224814193,11.125137649693114,0.0
10.69613009691581,10.637078075339932,0.0
11.845492904784155,10.396453199036436,0.0
7.716003836309882,9.876208770560334,0.0
12.028835753209968,9.754996176469042,0.0
9.646316036986903,9.613643591072703,0.0
10.666473224650543,10.083156686269186,0.0
8.734881681453588,10.581042890615496,0.0
11.936024324783908,9.04059277013756,0.0
11.474013860407265,9.845945860973755,0.0
10.420764369951739,11.217537150254831,0.0
8.116415933411115,9.211317224880508,0.0
10.62441664913404,9.606323959703229,0.0
9.93524710026899,9.713245857758466,0.0
7.843658339354473,10.37017549575597,0.0
9.940930839035445,9.956558876261681,0.0
10.1146708546609,10.222850675033387,0.0
11.269459240096523,7.467167221953584,0.0
9.646560556675006,11.0040319069707,0.0
10.059039135432789,9.687869319830808,0.0
8.940611320533606,9.502144204997617,0.0
9.57344087980806,10.065821417687646,0.0
10.76277073931187,10.944605382852624,0.0
9.456993684147122,11.119721698098354,0.0
10.637745783896644,10.40584581427691,0.0
9.766877640598192,9.730799573063202,0.0
9.697666466567892,10.178835638095972,0.0
9.558757457143523,7.801046181065942,0.0
10.637969366278615,9.30638169966622,0.0
9.187995408679011,10.121054015299721,0.0
9.082295737599113,11.519413641129223,0.0
9.025441330428864,10.178991741129936,0.0
9.561198087478388,10.832460296237306,0.0
10.27114923851781,11.707367186302534,0.0
9.917656845711221,9.513875732439681,0.0
8.038100235832802,9.9157263084366,0.0
9.00732162165624,10.0803162491809,0.0
12.794275655948663,10.374824655526039,0.0
12.259924388837456,9.957410264610283,0.0
10.427977175444157,10.87416883278723,0.0
11.136051574278968,10.53073671022895,0.0
11.428308663940966,8.776397632686574,0.0
10.973571380350972,9.59481621723991,0.0
9.154772327150901,9.836166798723992,0.0
9.666633750510787,9.938952569819278,0.0
11.700802150048956,10.724725515038982,0.0
10.082052517390647,8.827630865314044,0.0
10.844243390881303,9.106035648099173,0.0
11.043572455568365,9.466226314357042,0.0
10.305775743848624,10.221885226008203,0.0
9.591282453799389,9.95408938369913,0.0
9.62854892578162,9.617921085968264,0.0
10.452392532999637,12.239846883293348,0.0
11.07672452484167,11.302086485381357,0.0
8.931948873283185,8.224726493422677,0.0
9.816022801643376,9.460199850014822,0.0
10.181155467617621,9.623659306728726,0.0
10.879448145472272,9.122480309563889,0.0
9.345552856205956,10.290738934604784,0.0
10.023039599023642,10.65346115658985,0.0
8.844813860973137,9.957804747602085,0.0
9.678200669466069,10.269288989246759,0.0
8.035518823538844,9.009928424180801,0.0
8.979503776933067,9.613141465027411,0.0
10.84134194413375,11.54363673007588,0.0
10.445565515435332,8.02862106562627,0.0
9.022543044709353,10.564815015484514,0.0
9.62478855085851,10.54855455137517,0.0
9.207020256963622,9.747807411760265,0.0
9.730386445070517,11.248024070800902,0.0
8.394651308369916,10.497704951807446,0.0
10.953405744131869,9.216037091774218,0.0
9.441261657520446,9.53893515443247,0.0
10.36632884300186,9.15531658288367,0.0
10.691258381291188,9.36908371517102,0.0
10.483078847752456,9.929735232296405,0.0
9.347068710798892,7.583667202073338,0.0
9.276628602289739,11.487729293344492,0.0
9.32462277878547,9.775121579256105,0.0
9.772998440450282,9.832505010379887,0.0
9.78461379730572,9.78402654757178,0.0
11.113323007609525,9.90607626883698,0.0
9.167094060010307,9.575596411649698,0.0
10.534448317360223,9.642507565597274,0.0
10.788273430258975,9.107342525940568,0.0
10.417719962189084,9.025637734053149,0.0
10.263932661008957,11.604392802549214,0.0
10.43266694878125,10.874301812880606,0.0
10.874309935138607,9.428680978024934,0.0
9.89813134024484,10.65847829752306,0.0
9.40449589327994,8.992117454294304,0.0
8.860680514145193,10.098240282753927,0.0
12.011852336925713,10.832699096804298,0.0
11.662430286981301,8.92098536099651,0.0
8.076109870129722,10.368059286664321,0.0
8.291666206302146,10.317501542960256,0.0
9.256546443308853,9.564084668294155,0.0
10.483616298448863,9.87820310222214,0.0
9.931456403013017,10.05504147825489,0.0
10.551602706670224,8.67358421641583,0.0
9.151831067689175,10.180022529128932,0.0
8.456915953664726,11.535847919756383,0.0
11.775787508694345,9.2148327901801,0.0
9.63326339811859,8.546263401666746,0.0
10.781656390980784,9.095949781015337,0.0
9.571384254692633,8.379958519782871,0.0
9.826530835593086,10.597622515693823,0.0
10.425119464725126,9.731699580977667,0.0
8.826178305678939,10.051465395437518,0.0
10.690003732124527,10.217578407041943,0.0
9.706023386303936,9.756206720235905,0.0
10.151710711499346,7.6127731845588755,0.0
10.887816632904476,9.96879477611056,0.0
10.571394701626094,11.906790832057213,0.0
9.199887564213363,10.199904781620884,0.0
9.202976534112267,11.309691262636196,0.0
9.192060167455761,9.211433693067715,0.0
9.67597915532175,9.838977467064693,0.0
7.894395177367087,11.685816932512367,0.0
7.923702923004445,9.400083386511076,0.0
10.849866556023459,11.128063556721651,0.0
9.751770927857836,11.643041397389457,0.0
10.327397396789646,8.890052901006486,0.0
10.244655140078363,11.693296417014432,0.0
10.719472580279827,10.320106258964632,0.0
11.170353472634051,9.259013684070071,0.0
10.407480038655237,11.265625881102363,0.0
9.312104443728552,10.012340125264585,0.0
10.220697687728983,10.623240949829233,0.0
11.341838196876186,8.380761639769268,0.0
10.774343189940241,9.961794188261331,0.0
9.782588505577701,9.489385331958736,0.0
9.371185602252602,10.49129131923635,0.0
11.7210793594233,11.710921142933902,0.0
10.454364656753599,11.019871999453184,0.0
9.471392628226035,10.506011499811125,0.0
8.643801849967911,10.423929259194164,0.0
11.04451313515814,8.897779973547689,0.0
9.356787651893505,9.72408811519312,0.0
9.574860704188003,8.56167450621644,0.0
10.404099156419356,10.123113764842241,0.0
10.724329169766682,10.753727826722796,0.0
9.436143539923377,9.362436154644497,0.0
9.13325635542849,9.103238460277206,0.0
9.756677857460287,9.141051180003064,0.0
8.785690524337436,9.574869253731134,0.0
9.910912205741697,8.687930328905775,0.0
8.411336948351876,10.111175470946575,0.0
11.363061403824652,10.454745488312495,0.0
12.591672482076088,7.798474309277919,0.0
10.082167836195751,12.63191918615037,0.0
10.76012936354083,11.13106435421315,0.0
12.265916590638417,11.307701039851082,0.0
9.492418283979356,8.448738414133969,0.0
8.80739456104591,9.735533517325331,0.0
9.806660534544472,8.352163927608064,0.0
9.122251178762841,10.158399708331482,0.0
10.834421766677787,9.092967796457737,0.0
9.828093239799262,9.903517399919178,0.0
10.25885631040569,9.732554983306711,0.0
9.17584887707487,10.977589495420464,0.0
9.513718692214004,10.020892521609207,0.0
9.198100460628835,10.32805392597188,0.0
8.869163942604573,10.323033266543119,0.0
10.70515708964026,8.630500348224105,0.0
9.01869985813687,10.128500937359263,0.0
10.163281538115239,8.929251020443232,0.0
10.427110363576757,9.19549939976458,0.0
8.314124165614258,10.908710483947957,0.0
8.57056679993566,10.508050146726365,0.0
9.63476737983932,8.073516059440209,0.0
9.137618295480895,10.525247543563964,0.0
9.302643760030318,11.119943979233755,0.0
8.881919641108754,10.435844405720497,0.0
9.12065291346049,10.915091399151466,0.0
10.086687505871454,9.19946677693464,0.0
9.943903745393902,10.524610164083692,0.0
8.871491177009494,11.49950270911541,0.0
11.200629093430887,10.012195516448173,0.0
12.34015690118541,9.963418796550421,0.0
10.64292770929639,9.948435632757423,0.0
9.611106699908454,10.052116044609841,0.0
9.72977094129982,9.501084394871729,0.0
9.398939066738722,10.329272216755923,0.0
7.9853627571196295,10.15120014447984,0.0
11.203016918494358,10.202086843129702,0.0
9.850311692007965,9.757045796454879,0.0
9.61072912476708,10.111351353465853,0.0
9.974196939884454,10.03003983922902,0.0
11.927213260709216,8.284791271401243,0.0
7.5858354846837095,11.112974111835195,0.0
9.872632388054681,9.689709929379143,0.0
7.8864060955247215,9.417088860276793,0.0
11.525790102670545,12.299986455116347,0.0
9.75914568740223,10.250406105691967,0.0
11.719665857837095,10.214996210215519,0.0
9.543733829994078,9.877997795933524,0.0
10.390205231273512,10.11575072112248,0.0
10.28211819621332,11.637033719984078,0.0
10.15836001289817,10.408953943643535,0.0
11.76782502939837,10.068352297565454,0.0
10.850016683957344,10.256276136614822,0.0
11.147223714334304,9.118135109380077,0.0
9.550930994503952,8.858163919810526,0.0
7.902878718538127,9.294834069453039,0.0
10.91889396091588,9.63109930797282,0.0
10.522540162624495,9.221528882437457,0.0
9.118620886423992,11.587011340186951,0.0
9.337442982027868,10.37738353873652,0.0
11.600312246738852,10.167978922903986,0.0
9.886775284521413,10.784262199651257,0.0
10.39487165334514,9.076445251922463,0.0
11.278036033840959,8.930381899137064,0.0
8.396360515781955,11.351966562709451,0.0
11.66447582048888,9.828638639819294,0.0
10.847012915693462,8.55771364189241,0.0
9.35108825845795,8.603325945477328,0.0
9.631406294521819,9.394766725294327,0.0
10.494885838352644,9.798944138198673,0.0
10.93895117279934,11.15145235322327,0.0
10.306371355129068,9.61662221646029,0.0
11.183043901760978,9.199534346623437,0.0
10.125001743920716,9.151773197695139,0.0
11.163061899609215,11.926626255563113,0.0
8.56520127696962,8.227778027079072,0.0
10.628852012770476,8.68177362533298,0.0
10.453005701082919,10.177635935953834,0.0
8.539625957804963,10.983506482973095,0.0
11.204568439212258,10.61716169589364,0.0
10.091430105911604,10.963489886479508,0.0
8.981373108711079,9.968571352408127,0.0
9.61408283997175,10.331123074583795,0.0
10.601734657812669,9.970871644067987,0.0
8.72150511680222,11.455525410947397,0.0
9.442890130847232,10.098249000724504,0.0
10.775041810603804,9.419784747271203,0.0
10.037173487697874,9.64741291090073,0.0
10.511314323165488,8.749034445993786,0.0
11.698950680461607,9.200693108390887,0.0
8.948342968595519,13.659765841756512,0.0
10.239433455911938,8.921758902836892,0.0
10.945763930752245,10.20205733120118,0.0
9.759525578862611,9.653800222990387,0.0
10.316584350608073,9.978655513714736,0.0
9.709302647163977,9.225938027893248,0.0
11.218506040442346,11.774627943967758,0.0
9.364584997502003,10.24929666363023,0.0
10.747612804744566,9.775813274476935,0.0
10.94981425151482,8.877937417681322,0.0
9.960161315313304,9.718081790297672,0.0
10.557257342623402,11.261771781797759,0.0
10.035092853071177,8.515884308370756,0.0
9.971645976385158,10.56403336089174,0.0
8.95790661897386,9.9355696249534,0.0
10.572792195227693,11.561512997758317,0.0
9.120489658394385,9.607002808390092,0.0
10.017822845795,10.470250227973224,0.0
10.436164596411302,10.432537659296832,0.0
9.65266974298157,10.692271208629462,0.0
8.715686680685469,9.912115587833336,0.0
9.920425483019908,9.783162246115234,0.0
8.38551358746519,11.576018391208613,0.0
10.796122221632405,9.34480195196072,0.0
11.135939668753046,7.966508788114737,0.0
10.995798650521918,8.511972530355113,0.0
11.038203892277775,11.20959446433845,0.0
9.794031165861032,10.895689932055237,0.0
11.403892711711068,11.628397058624799,0.0
11.148053642295217,10.092413926721537,0.0
10.206384910733082,8.003269219719982,0.0
11.353886730193748,11.315692134038022,0.0
11.113086642581887,11.695108643477415,0.0
9.743563100614484,7.818482089858366,0.0
9.871763675296805,9.303050047567467,0.0
10.353697893239943,10.825766718026237,0.0
8.958310984293067,8.208422011245267,0.0
10.363833264283377,10.049387259639543,0.0
11.204723291297457,9.468013650023218,0.0
9.360114955552094,10.610354405251377,0.0
9.769386551854794,9.869760860997182,0.0
10.46773569907822,9.391681295737119,0.0
9.677281652514667,8.92036253825809,0.0
10.579822407141481,8.938092023332086,0.0
9.430494180567273,8.988577266352573,0.0
10.547863624261604,10.430874829884898,0.0
9.780066933661193,9.526112931702858,0.0
10.56729368040028,9.42094484005444,0.0
10.70700764704543,9.482881115898484,0.0
9.27080416944076,10.86924452244869,0.0
10.33364959096442,9.695407358101331,0.0
9.356148535148083,10.13504805527407,0.0
8.067048087017662,10.571369062443495,0.0
7.9034612820145025,10.489538487998162,0.0
10.257530922503207,11.402795874727792,0.0
9.144335856977472,10.580607044771911,0.0
10.504323253155787,9.7690306411814,0.0
8.777673543604296,8.944771285747548,0.0
8.290970794802186,8.841000411027508,0.0
10.025324818880819,8.856571834766934,0.0
9.07112611590926,9.189628505537232,0.0
11.40241516965022,9.725386552481432,0.0
10.345919183369848,10.521665635502668,0.0
10.007937076051649,11.357217116347453,0.0
12.454878040917212,7.194658710596945,0.0
10.892456244606675,10.050789170064958,0.0
10.535066013770692,9.31532451495694,0.0
11.633045593584104,9.656978633295742,0.0
10.424170192746091,9.28609945730817,0.0
9.661313839798746,10.478021706807736,0.0
9.962778559599311,10.11252176578336,0.0
8.692404419273506,10.927644326646073,0.0
9.594175231627155,9.35206697416705,0.0
11.179513796095083,10.847915312547428,0.0
10.550648978538305,10.543406884770317,0.0
9.63311040541696,9.722811426823815,0.0
10.729418948536049,11.72903810619343,0.0
10.43021490899458,9.872860932292443,0.0
8.70466482452323,10.212871567679347,0.0
11.186342017932859,10.963082584936897,0.0
10.037657953519124,9.916435485130332,0.0
11.162649667091944,8.591777476915388,0.0
8.786521604718532,8.853172515323397,0.0
8.974098415300306,9.502785377197393,0.0
10.66575553619043,10.185424784372637,0.0
10.509598855872879,9.87900833832733,0.0
9.723378309668803,9.391067548564816,0.0
10.488498096039706,9.606607300866095,0.0
9.939774278828073,7.827514201721197,0.0
9.279399156748612,10.268343385692093,0.0
11.630743560135723,10.455016632876037,0.0
11.080966219219299,9.993359720664195,0.0
9.266845535661195,10.628682035494045,0.0
9.107300899880636,8.702026822819617,0.0
9.742089122052965,9.96120811403592,0.0
8.589357109207505,9.400616632930808,0.0
10.040579300473313,9.992279001343826,0.0
10.249801193001602,8.125187600961917,0.0
10.395088441500546,8.654350893769708,0.0
10.145737462626162,9.080213229996422,0.0
9.247908385232815,9.226171027536285,0.0
11.206798385024067,11.217147604588567,0.0
9.940617206429929,8.497879875016872,0.0
8.192555007859848,9.084465361862325,0.0
9.208940857743816,10.277740926518437,0.0
8.782262926452539,11.662013885934892,0.0
10.714224183880292,9.253621534244532,0.0
10.823084530690199,9.6889267247191,0.0
10.99338531419642,10.46755370106098,0.0
7.726325110632471,11.002522141891168,0.0
10.211981241849067,10.146612482732367,0.0
9.250083755539773,10.366581049569277,0.0
10.84607542202097,11.420648944914111,0.0
7.968395199589631,9.33655541420556,0.0
9.32809248115796,9.992341899162204,0.0
9.447569516515795,10.899988684410904,0.0
9.85982821358758,10.448252664879535,0.0
10.098631488754103,10.68749393000561,0.0
10.027238180526512,10.71269959573873,0.0
9.618473609746248,9.812555735788338,0.0
11.832693772884944,10.836468940787114,0.0
9.789432287887374,11.00037387328445,0.0
10.873766752311395,11.321492795980523,0.0
9.76944054620719,9.036001797702644,0.0
9.24089826013345,9.245552776099085,0.0
10.636196904051753,9.362563598692171,0.0
10.616695645745112,8.649457071154991,0.0
11.798336099521967,8.085316751729582,0.0
9.52941049987971,9.548786936410329,0.0
8.536061570430695,8.096335173270313,0.0
10.474809349999425,10.586061253679025,0.0
10.422805699043263,8.610752813731466,0.0
9.72030258474185,9.787944302859296,0.0
9.424905026096253,8.780576373341516,0.0
9.38691217574631,10.176236695214882,0.0
9.441781390809355,10.850121424316654,0.0
10.186986103751964,10.71261539157113,0.0
9.222876905923608,9.865632305332975,0.0
9.608587319864526,9.37430652748335,0.0
10.472391050258738,10.043653146511419,0.0
10.59475029780665,10.018380760494678,0.0
10.356984249547072,9.634616542633207,0.0
10.356136302348029,9.242704913931465,0.0
8.856524272707604,9.016049141622064,0.0
10.69667782135459,9.406913748450002,0.0
8.639088542747626,8.5517013785035,0.0
8.055579028062816,11.832278462688508,0.0
10.11077604613464,10.307543953012065,0.0
9.46349623166601,8.376536538197952,0.0
10.031087795932226,10.48627272288712,0.0
10.500410458844133,9.841836677217254,0.0
11.46503366048659,9.118820308994696,0.0
10.07256440021748,10.236529895260075,0.0
11.578296109504766,10.606926940390684,0.0
9.196702301488699,10.191856502201365,0.0
9.772454300672287,11.565923466500923,0.0
9.438539715248499,8.591263202687461,0.0
10.548132013938789,10.310289203181457,0.0
10.91439318023652,10.663938448935765,0.0
11.044099558719026,8.688658701238944,0.0
7.987804701096314,8.212973738099988,0.0
11.306286596985895,12.207541629647173,0.0
9.363323962885532,8.929227385505902,0.0
10.970442385556913,9.891605888007188,0.0
11.248160303219382,9.465392951641352,0.0
9.745813327379727,11.509594345983608,0.0
10.14283292286952,9.853211194681393,0.0
9.563442378020833,10.582100975983797,0.0
10.035545353847315,10.60382539656678,0.0
10.650776526406398,9.708792336262999,0.0
9.224785416666318,10.680859387827873,0.0
10.567329556032393,9.629245808045125,0.0
9.384767292154018,9.78371967698841,0.0
10.408768260075126,10.541690781219014,0.0
8.0814963968112,7.370526636037081,0.0
10.287039777568252,7.56575898138522,0.0
9.580550430101932,10.959709545536535,0.0
10.067208380666402,8.364238919690203,0.0
8.797995506001833,11.91469641558577,0.0
12.011458318869334,11.400533857112137,0.0
9.080489872230325,9.470407427705599,0.0
10.253084613801073,10.210326867747677,0.0
8.67625064067881,9.27626107344131,0.0
9.810376206989808,11.255759566500547,0.0
9.748988745415604,10.178492706063018,0.0
9.150267136587615,9.585978225900035,0.0
9.850483896652923,11.197266949634693,0.0
11.982250392606673,11.078280702021432,0.0
10.314624144377818,8.853591416787811,0.0
10.422053296514445,8.75533922586884,0.0
9.530733524071737,8.352278222730934,0.0
9.359041908963881,8.529315843406367,0.0
10.23893986028957,11.40898043193857,0.0
9.990731783035251,8.667412722534479,0.0
9.90964843817114,9.860904728891281,0.0
10.09140555336042,9.428271269593663,0.0
9.39748523345967,9.982025633815242,0.0
10.744547219323897,10.322585646333485,0.0
10.917300948580486,9.116604134628847,0.0
6.949135852677655,9.598519391327734,0.0
10.40305265755537,9.976442620494156,0.0
10.510995199223126,9.469298332885598,0.0
10.054463846589234,9.419062871923922,0.0
10.168991958115992,10.240990764155418,0.0
9.667041769068577,10.549469730215899,0.0
10.089034410301071,8.793371392602095,0.0
10.262500968062781,10.44812557607411,0.0
9.867482915473172,13.14735527954561,0.0
11.476969737734528,11.404124772826389,0.0
9.254731913702404,10.942539997969249,0.0
11.049787567238658,9.454707514625104,0.0
9.521931827890285,10.297435365604837,0.0
8.737295752492065,10.425534566631484,0.0
8.988804315848359,8.205839924387138,0.0
9.16691397269031,8.943895730211553,0.0
10.124647055315702,8.954365196643685,0.0
8.07856363487768,8.23916664823869,0.0
10.787158028922281,8.55865911153538,0.0
8.678322574289199,11.777024124714366,0.0
10.380492996007025,10.196872505758254,0.0
10.57330748849963,9.544602683910295,0.0
10.097683234672818,9.922929078484891,0.0
10.834673197765046,9.594551039275277,0.0
9.482612045777964,10.183888285587802,0.0
9.946163785573551,8.265010486869192,0.0
11.773948092244309,9.352292759177272,0.0
10.643455111445473,8.762290433649643,0.0
10.91723624047527,9.296084551666333,0.0
11.348007706434101,9.668691864359012,0.0
8.413546345503663,10.838736519978617,0.0
7.723728364904957,10.613894472362139,0.0
11.59804237429206,10.16207684261523,0.0
9.483983766760597,8.912613276491541,0.0
11.46347722356482,11.586272051877007,0.0
8.858875892447353,10.156586401649134,0.0
10.166359432896396,8.721055135520475,0.0
9.635906044365116,9.140350178180654,0.0
10.433694977030687,8.597894917462476,0.0
10.113991773848568,9.984033618537634,0.0
11.279476917336606,10.419031748676485,0.0
10.01950199320498,10.17485296988216,0.0
10.761292890081116,10.13179793816021,0.0
11.105707142077662,9.448156417219517,0.0
11.309643498079192,9.94968115670542,0.0
11.055403619816087,10.548875678980378,0.0
10.757656976451749,10.366741516592487,0.0
9.216002209880816,8.999482189589378,0.0
11.441225038135233,11.759165276391876,0.0
10.15124045702755,10.578534799606224,0.0
9.647883154546568,8.818962066203742,0.0
9.440289319650914,9.416149865463028,0.0
10.828184131439736,11.696576117579793,0.0
11.620360661476862,8.681475280796104,0.0
10.436961447249155,9.90384692446047,0.0
10.834008547173147,8.424553995787637,0.0
8.989295372250002,8.699547888637516,0.0
10.325439891796886,10.511756925397965,0.0
9.620854494874735,10.094084909868505,0.0
9.0697891377597,10.224490138839858,0.0
11.136183445256545,11.052260712269135,0.0
10.032531419562412,9.494007104093122,0.0
8.6123432001495,11.110194171829036,0.0
8.85031517644223,10.161300461491697,0.0
10.735605743587339,10.6452786494176,0.0
9.304955149416177,9.663931716439226,0.0
9.172577234769328,9.782935865995041,0.0
11.4637285115767,10.43395766257292,0.0
9.827657771172362,8.941968549647562,0.0
9.514323018090954,10.28277840336251,0.0
10.504429423399465,11.223875958815045,0.0
10.252668968703908,10.422053150305594,0.0
10.36580764150017,10.896239702583834,0.0
11.677545535376266,9.540956568071326,0.0
10.276710689193084,7.806224370623794,0.0
10.990513545359297,10.09728193016145,0.0
10.211164288481733,9.876078223316359,0.0
10.198724236422303,10.853138410267757,0.0
9.913362088131782,8.499549152597812,0.0
9.200627289988265,11.620323032329775,0.0
10.828394592474218,11.222562649757197,0.0
10.501491140843475,9.925515755064968,0.0
9.471762721987625,9.491605631994007,0.0
8.668452428294684,9.775081153615883,0.0
10.549481132482768,8.775434556095615,0.0
9.203252199907084,10.205558481426003,0.0
10.420070650125588,9.271586297959939,0.0
10.386415922316258,9.420009403564942,0.0
11.943908871713315,10.425160548445842,0.0
10.325997804739243,10.231196076497977,0.0
8.299953390553876,10.450219413478244,0.0
8.374407772318952,10.998919454630133,0.0
10.276112936582994,9.587863536468692,0.0
10.470414634497816,11.202856683506795,0.0
12.48326767361978,11.693237449013832,0.0
9.60711241641584,9.486246617840205,0.0
10.25285951292331,10.850638512389688,0.0
11.978826364574173,10.390722951007437,0.0
8.875581064049637,9.43482682713926,0.0
10.394598081138547,10.66855824924582,0.0
10.354758173938146,11.844145041114986,0.0
11.507617318273875,8.912815351385207,0.0
10.443680229896644,8.547363363907776,0.0
9.021259522694141,9.285358880128248,0.0
9.972180773748006,8.578649011352695,0.0
10.202921751586478,10.429112325985258,0.0
9.851352753177085,9.28305991041802,0.0
10.604647644368939,10.423664096305377,0.0
9.533364007000307,11.663966065669731,0.0
11.767699295886116,8.724818246741666,0.0
9.975168117860179,8.268203669770084,0.0
10.754445952352592,11.036723312937433,0.0
10.670353683606901,9.829166638939562,0.0
9.191387655204377,8.93029869456594,0.0
11.628006457547574,10.441708384815058,0.0
10.072576043732859,9.279364540202039,0.0
10.263409115396128,11.138563032454552,0.0
10.202812908753645,9.237793230657442,0.0
9.822974685573708,10.788635270847898,0.0
11.83293370455707,9.635812349398742,0.0
8.108882615838942,9.618957303468047,0.0
10.63721276194007,10.240674175971002,0.0
8.64213281354585,10.347919195125806,0.0
10.589604966847407,9.517765702632854,0.0
8.511045520294658,9.498511412472007,0.0
11.452103368945188,10.114133314629859,0.0
10.152986959541636,10.472759793537314,0.0
12.31442801536651,10.920076130347594,0.0
10.379841687572382,9.936367966711893,0.0
9.20203615666978,10.141758334218794,0.0
10.378209066257112,9.831050937763766,0.0
9.838578756848499,10.778308997524444,0.0
8.912263304336038,11.082923513628701,0.0
10.088817553531424,9.423071188176536,0.0
9.85014106017507,8.465393316092968,0.0
10.654217932565771,10.151959698414254,0.0
11.473843236205026,11.086019605372917,0.0
9.183694157334486,9.408489587319162,0.0
10.885152140419724,12.60388745656287,0.0
10.742109389121905,8.369305512231987,0.0
11.047729997424725,11.490942029788528,0.0
11.048099886509195,9.785048065810665,0.0
9.914233432367041,11.398155985014714,0.0
9.904912319062925,11.309731425513453,0.0
10.50099887438295,10.119866693863424,0.0
10.246461238353147,9.320048043462647,0.0
8.033561064842807,9.884734254917353,0.0
11.108746275453955,10.252576316049705,0.0
10.235012038354675,11.45512139951454,0.0
11.344877548009373,7.865571684637022,0.0
10.734186247744251,10.945694403295096,0.0
9.091468145974854,8.779774347412891,0.0
9.473775678851796,10.626525012003858,0.0
9.747466516033263,8.715133865807905,0.0
8.63987218931996,9.960528332399482,0.0
11.80533039228469,10.76415048775252,0.0
9.996162591476894,10.420290840272168,0.0
9.834941458216191,8.552617051406033,0.0
9.791196638403655,10.48444697770799,0.0
9.400315336526319,10.075965573060854,0.0
11.800287259767696,11.367437671763591,0.0
7.859057902094694,8.326117706838053,0.0
9.301156764944036,9.108405306612694,0.0
8.768037786960358,11.43495691390358,0.0
9.713869328625508,7.568709994756764,0.0
10.605804395329075,8.48638710738279,0.0
11.460847290639107,9.749566062392033,0.0
9.363273548394705,9.552127010107652,0.0
8.688154618955807,10.279248673557234,0.0
9.486644099640595,10.706425420589479,0.0
11.569281944533461,10.57746672509569,0.0
10.506463244070419,8.918825184906812,0.0
8.470864459317687,10.026596468544076,0.0
11.442766008776555,8.121871974685147,0.0
11.02284517217826,9.619120173831154,0.0
10.559832516352486,10.875149777965717,0.0
10.287685343170669,9.493477940023382,0.0
10.357132122735438,10.759363425616037,0.0
8.893692146173127,9.43672349074876,0.0
9.207573727982997,10.00975862103869,0.0
10.339201416513903,10.132698419078084,0.0
11.020244639063481,10.57977864654255,0.0
9.432808004975318,8.99112545266941,0.0
9.80092361773882,9.901383774152249,0.0
11.73413028471685,8.843707382209896,0.0
10.592847426925413,10.232484411143108,0.0
10.623560786100613,10.858969943222906,0.0
11.018956111858504,9.483514171437902,0.0
10.63860365757339,11.303968512103811,0.0
10.2591545928221,10.104305729658568,0.0
10.173813375062489,12.208944362784292,0.0
9.5591229422346,9.228409728683491,0.0
10.109819874256837,9.95466423800794,0.0
11.511911415951165,11.07124646857026,0.0
10.656401669657523,9.542996033207071,0.0
10.539558161903047,11.192466289423736,0.0
9.804388656847589,9.662562816904702,0.0
11.382351973198755,10.03215863030609,0.0
12.052163383684023,9.534067415548181,0.0
10.696139351974997,12.311543076803837,0.0
11.035614725645623,10.090526866905106,0.0
8.889571438768018,10.492133308105453,0.0
9.544717002355519,9.696613703692318,0.0
11.158769934859375,7.930630302249412,0.0
10.050555528887335,11.95712528756586,0.0
9.666424173075901,10.381062326292254,0.0
9.699343264758948,8.907685710613086,0.0
8.648364477950713,9.548016538901381,0.0
9.029687499114246,8.948674875550722,0.0
11.555553237424476,11.099391706410477,0.0
8.674091019964948,9.992173099371058,0.0
11.278710104118565,8.641172382394108,0.0
10.5997917949658,12.089202493994476,0.0
11.210663029896459,9.6255126979571,0.0
11.03230061634197,10.321191082228266,0.0
10.030622564375106,9.40370050599699,0.0
8.464539142654035,9.236188283828232,0.0
10.71650268433153,8.81363961007708,0.0
9.300151414329314,9.93392822752234,0.0
11.0822628924081,8.552972115084394,0.0
10.949831297568362,11.537448229960603,0.0
10.375877505111484,10.579781738119046,0.0
10.017379335633422,9.559677903897567,0.0
8.949345059062212,9.412695175872306,0.0
10.072159335857512,11.67639147760764,0.0
9.836106991853745,11.059706673045719,0.0
9.881805098152068,11.143673274700102,0.0
9.92240575678188,8.847025681446729,0.0
10.64901704639523,11.609781721713967,0.0
9.409384239273889,8.86849393925593,0.0
10.531295382050514,9.270279319927848,0.0
9.875526473782035,9.959457520319248,0.0
9.55337200810879,9.855631474735201,0.0
9.833585890172941,9.70614699997671,0.0
10.106388224616818,10.956608340749519,0.0
10.051624784392432,10.49653328176159,0.0
11.608331820979252,11.750363442201415,0.0
9.738225876143304,9.87208253831193,0.0
9.999540958671068,12.248639402571118,0.0
9.132165259117384,10.424984113487113,0.0
9.768575498707062,10.735096377873887,0.0
10.631561445178228,9.767467907047084,0.0
10.700390577231534,10.735498373089454,0.0
9.755515597441908,12.546684581485284,0.0
10.02328481308411,8.642915145346336,0.0
9.766695882024058,9.826455899257414,0.0
11.738743655641901,8.99973457058364,0.0
10.046879350556024,9.272117538144306,0.0
11.908771679719969,11.870604805780214,0.0
9.918651482467764,10.167890933725069,0.0
11.188528873193397,10.70675368791896,0.0
10.307538094074191,10.216057889374603,0.0
11.141624088188223,8.94236143355334,0.0
9.889659617563398,10.832659309019949,0.0
8.41896462202745,9.965633008705154,0.0
10.43458814067609,10.026171390027683,0.0
11.02518542550286,8.066802602575637,0.0
10.788168080931571,11.133382243138541,0.0
8.033139162620564,8.486967854250919,0.0
9.210396816410569,9.984184497144259,0.0
10.782099251472191,10.524345654185902,0.0
11.163223464059937,11.558082967982333,0.0
9.74139005490468,10.358619483750084,0.0
10.745494960677638,11.789380057805989,0.0
10.812703779834136,10.28396192826714,0.0
10.12839130276934,8.858801552042085,0.0
11.220645790325122,10.981942487208956,0.0
10.360416496737326,8.725288157071581,0.0
11.048180487957845,10.49934854799788,0.0
11.083476821404384,9.147468613573267,0.0
9.998518390053304,9.49399546650582,0.0
10.93881015142754,11.336813462505598,0.0
10.330669718998873,9.648855869432467,0.0
10.36329949493138,8.736104792702891,0.0
10.880192341726124,11.17776729760542,0.0
11.605313241168165,9.663853686031594,0.0
11.326449963325155,8.596623642899676,0.0
10.003887005693132,9.462344173406676,0.0
9.075826343479102,9.73058045981359,0.0
9.569356932606249,7.603139033734547,0.0
10.519583652995584,7.635137111502811,0.0
9.1266541994105,10.11096144938606,0.0
10.298976278475395,10.181143442706007,0.0
11.17089064250745,8.87866528709389,0.0
11.249947926502003,9.348189879770613,0.0
10.104118029825731,10.506558655776878,0.0
12.860084227938732,8.234313725633497,0.0
9.332508908281067,9.004054246477677,0.0
10.601186600678284,10.00231552438037,0.0
11.653278517709138,11.129546545819423,0.0
10.990185494889548,8.59527999466681,0.0
10.899303198559906,10.852197815011225,0.0
7.1538713252729895,11.506259308846875,0.0
9.470327420255575,9.426340741865111,0.0
10.89156219557989,10.255572381404223,0.0
10.294893676932992,10.62517387669543,0.0
9.946817037186223,10.977488504524198,0.0
11.096802349077631,9.714269418399946,0.0
11.094538968129374,9.341111564391367,0.0
11.492691965090453,9.075330510173124,0.0
10.574886358549428,9.728777084459047,0.0
8.318217140726668,9.463349339910035,0.0
10.405702044397925,12.191893817804868,0.0
9.697645973792829,9.487828961690017,0.0
9.604595283930328,8.92243044946779,0.0
8.935339682488651,11.12219529630518,0.0
9.689647753561328,9.838251403032155,0.0
11.146437522918292,10.27165709160557,0.0
9.460245652459832,11.287886463525673,0.0
11.55239131315325,9.232848459704321,0.0
10.375862397409147,10.210210764925016,0.0
10.48252877975639,9.470805572204824,0.0
8.80115268271938,10.000632968778172,0.0
10.37684373638589,9.052873360244742,0.0
10.720219590018386,11.809575929591867,0.0
9.636012075658357,9.938010392281058,0.0
8.860972685680524,9.17778775110761,0.0
11.814491473013453,9.752095911596596,0.0
7.748123446656327,11.776130494874378,0.0
10.428595951235593,8.377599833153552,0.0
9.633460001804028,8.320463409788793,0.0
10.055989878566429,9.538799334438675,0.0
8.968128303817206,9.414510894068885,0.0
9.042323328977105,8.345681951326489,0.0
9.099663489163714,8.248893686280818,0.0
10.754902624418381,11.506739585473316,0.0
8.820444791089544,9.134582212655591,0.0
10.274040202976192,10.585584797823987,0.0
11.250866686054229,11.248500766890231,0.0
9.839480698821458,11.278708338837152,0.0
11.173467873309537,10.552509131968895,0.0
12.353549706143594,10.234916579982063,0.0
10.659275784178332,11.032644193758689,0.0
10.183163651134587,9.290717993743941,0.0
9.886175453535548,10.086760934038088,0.0
10.02116643278756,9.286858421601197,0.0
10.29326114815098,9.603431993863317,0.0
10.865564189327234,10.248875059203352,0.0
10.464998350721153,10.646647739639343,0.0
9.951858970420847,12.042170694776434,0.0
9.122623888437731,9.849408103990806,0.0
9.725232863399443,9.609978795028917,0.0
9.664099769181085,9.28016872758127,0.0
10.325094509652976,9.864314330400232,0.0
10.06624784347908,9.630063407813946,0.0
9.927814498270099,9.368106177918145,0.0
11.442116669074506,10.59975087211195,0.0
9.390552122787707,11.55478855203786,0.0
9.06715928515524,10.317554285857685,0.0
12.206852387164888,10.215084500250617,0.0
8.614696138102783,11.098228636859128,0.0
11.343103609615342,10.83620908310706,0.0
8.568862553389827,9.241866770817147,0.0
9.337419792135814,9.56917346613013,0.0
11.770484940871743,12.178539640936119,0.0
10.954639079927915,8.962585475745229,0.0
8.535884966409565,8.450204322396832,0.0
7.896449285161781,10.079656912819903,0.0
9.085304894622569,9.750645622522443,0.0
10.70445130650633,9.514332103448515,0.0
7.982933491286772,10.77229347838128,0.0
11.74256208401949,9.170342435609495,0.0
11.038242669785372,10.268090742713474,0.0
9.704938295506667,10.105408918486008,0.0
10.208967064168846,8.393609515053223,0.0
9.177826270630408,10.84495280373389,0.0
9.64292186186044,10.037875912996576,0.0
9.06732817220785,10.859532747530523,0.0
11.078721393795536,9.030325806076512,0.0
9.9281070583809,7.982043831311029,0.0
8.264805250015057,9.233578294155407,0.0
10.369531691924864,8.54703880774421,0.0
10.696741600296154,10.72422551275372,0.0
10.67790710022913,11.747530101971321,0.0
11.865564841785758,10.49321572789327,0.0
9.043078398140404,9.062376839441301,0.0
9.754249077493968,9.341190472935672,0.0
9.711025980460253,9.134710557569877,0.0
11.822490838592737,1.8620826311362948,0.0
16.76514584584538,3.0472523566775656,0.0
4.086415579431804,17.46907733293792,0.0
5.803434000047614,15.546692248879507,0.0
10.44594578410669,1.4190411508191159,0.0
7.702194530902706,1.2620629863258293,0.0
1.183242194762455,15.07822929617237,0.0
15.294082058174327,2.9864652682444315,0.0
3.6551225309074153,11.613108084709207,0.0
3.282651769162721,0.6660821918014559,0.0
13.5156630932569,1.5569597449797046,0.0
16.632002236851218,7.33899394070443,0.0
11.909744185986618,14.783890081018436,0.0
1.8048561599384771,4.44121208208009,0.0
10.424670877377757,14.742791129895727,0.0
6.567699029721245,7.368037168124022,0.0
11.922800179800479,1.399411106070978,0.0
9.884445927643196,17.535040643795973,0.0
12.588931863606629,12.739061251875153,0.0
18.804001554323474,3.050473113126717,0.0
4.538282075993736,2.3364489325834836,0.0
16.628580303356507,1.8229268056063175,0.0
2.4402066059647254,6.4141204286879,0.0
18.87114429008864,18.071741976802837,0.0
17.237749248147214,3.5845745008742225,0.0
9.666356491069806,19.624593887412683,0.0
9.327160594221207,4.745122790499883,0.0
2.796909180160978,3.8862747343006143,0.0
19.46074280111476,1.9300376765926175,0.0
1.8473292918210538,14.56025036433025,0.0
6.391519026406325,2.4132975196201545,0.0
14.87225622449752,4.876648352892823,0.0
7.753527361739215,13.522048096271009,0.0
15.360145062963639,19.758735685012,0.0
4.712159611424893,5.243758352750385,0.0
17.88535838625712,1.801317302596901,0.0
11.212326186810396,11.15975512144896,0.0
3.7431736646896496,1.5877700292619656,0.0
19.177472071754234,7.467589402746446,0.0
4.654742386181958,4.472719885432048,0.0
13.117653557207593,5.757565472750825,0.0
11.250538810466464,13.482094871374667,0.0
5.381602466879023,3.8245348360342746,0.0
8.0427580493673,18.206577648182716,0.0
5.923952286706198,13.88119753979505,0.0
4.430831661262933,4.677402290075601,0.0
1.396184488526917,4.688631234487937,0.0
5.001154685513849,5.475985061912003,0.0
19.127623177871385,7.663826800619409,0.0
1.1041864756581887,18.237127619158603,0.0
14.186843409082195,8.180842997838552,0.0
14.965451584766672,7.410678277339109,0.0
13.29352864403811,11.278792396415732,0.0
9.820999729042226,0.6644929623049145,0.0
16.193953394455214,17.751822975003538,0.0
18.253142707723992,4.849031662130418,0.0
2.591395684000548,14.305700559401584,0.0
19.051492815658502,5.299696294141844,0.0
1.336621337227013,6.5999298729199385,0.0
4.454377857992626,1.815284996526989,0.0
8.577801784140968,7.117016096245838,0.0
9.324349708318248,14.295320746926027,0.0
12.991722876453405,11.358507123825312,0.0
10.829111638953531,0.32375874580284014,0.0
17.358225114097873,15.278836849400811,0.0
6.809302914838846,15.76290112016493,0.0
16.205718533637178,8.881645853013701,0.0
18.10048528130216,6.030646583297998,0.0
4.999681061194949,14.421723191997057,0.0
0.985120136781894,8.897102248530942,0.0
6.484166962272717,6.309461887803249,0.0
9.013503411322379,3.4914408161618726,0.0
4.565979313125911,12.083859610001076,0.0
3.969528199450998,2.0224473882765603,0.0
11.607509203454411,11.433981655051975,0.0
2.4737188890220096,3.79026289445614,0.0
14.176165903591649,15.074318979336105,0.0
6.3079304154257,7.573769942363578,0.0
12.523041056800553,15.195041869841477,0.0
6.007587622859683,17.168757440874302,0.0
3.2856892444940233,19.486456011393212,1.0
14.633819509780523,5.767186041736667,1.0
3.6757290893970995,19.169154339366955,1.0
12.645370671635892,19.828298529142977,1.0
1.892669179012616,18.084973334976947,1.0
16.815595412318828,4.554898162344328,1.0
7.340766583690641,12.694197223037325,1.0
10.95463104525884,19.926452990724766,1.0
19.963166914272822,6.240151147233972,1.0
19.348248987849598,19.976703969606522,1.0
3.744953959738957,7.429746132974873,1.0
2.753119661484691,4.953392908969536,1.0
12.621575753317064,14.882415600576431,1.0
13.130521640757529,7.094895805431387,1.0
15.672949970104554,11.097042610638317,1.0
3.8701163709754716,11.150894385000552,1.0
19.254304041022277,9.618860427185128,1.0
19.535680775610864,9.861026182856445,1.0
13.576865250433066,12.165437724777044,1.0
6.196371806971721,16.586997581231117,1.0
8.5434975686639,19.557477406329085,1.0
7.458900556299914,14.38510853589545,1.0
0.5429743143785237,8.054870954809164,1.0
8.731915952724874,11.887993608154604,1.0
12.394708368258101,5.591967236382882,1.0
4.159915931212311,17.734120183547585,1.0
1.9102803063963258,18.411873603291497,1.0
13.820518965752392,9.269009306451013,1.0
17.671170818076153,14.939484213416156,1.0
11.246053877541026,11.747508890747502,1.0
12.99832286141869,6.966871279290821,1.0
12.608177492426266,17.983702764285994,1.0
9.610249427917836,4.210521363848776,1.0
5.82793532312129,14.851625023334067,1.0
6.104427913282637,5.194574155029397,1.0
11.218696970922888,14.527904676432184,1.0
14.062730347674517,15.178045513776016,1.0
4.193545306503228,18.959774519113914,1.0
7.129262894737812,10.256156457843609,1.0
8.798281931500831,3.4735674690748253,1.0
4.038489308276272,19.244460528215097,1.0
12.19601595795206,6.178549098307206,1.0
3.7479633138556068,5.573503849605492,1.0
2.4848002414620485,1.5501914315490173,1.0
9.880217201487955,0.7672904832559846,1.0
0.6343950719300606,11.308681570116526,1.0
2.5016045745863758,17.860906016610777,1.0
12.875964810401648,15.319167397951823,1.0
3.6195443440510666,11.97942421777215,1.0
7.881666924681134,15.43550820443439,1.0
3.608005972538628,0.2820833271951728,1.0
17.874012568471485,12.376287007436854,1.0
8.052368102641399,1.9679716418568716,1.0
17.673668553638244,19.65791549640214,1.0
19.756994880279613,5.392261621103485,1.0
10.484567715012624,14.723791493439172,1.0
15.292828150432436,14.696237627268427,1.0
16.555468719367532,7.748520506154575,1.0
18.42587027188107,16.94492100318499,1.0
5.816490796276859,1.0956718723044112,1.0
10.984145047014538,16.683248131111558,1.0
3.831510788033896,3.3296086799609648,1.0
19.384664141702046,17.441930071951337,1.0
8.182558557254243,15.065652224047057,1.0
8.12966693358278,14.603791728206524,1.0
1.8438732900648502,15.064704757203899,1.0
4.515869334780069,18.556339118731987,1.0
0.7764528768642864,7.498700707765842,1.0
3.15460000009234,18.795229783935966,1.0
8.799807920803653,8.265454077699061,1.0
3.5056637203464014,13.715983265780416,1.0
13.712694135490452,10.195954178293425,1.0
9.081213031236624,17.61295644235125,1.0
15.99950079614021,6.927538437812939,1.0
10.685899370959202,1.2016423339368942,1.0
15.482387805620402,18.491805901073207,1.0
9.030840700339201,0.9214808810278896,1.0
10.704036762145586,12.499118241525188,1.0
11.963004150078875,2.8566781865483093,1.0
10.03053706581156,7.682247657754413,1.0
13.965710952632337,10.667638114715466,1.0
13.174553121218723,16.91153721191258,1.0
12.522961098730551,2.481423216997669,1.0
14.087751282526675,1.497942042407474,1.0
5.360614443465375,2.3478920537108006,1.0
6.115878934808001,17.403122956738063,1.0
0.3317110378703414,15.002949514753467,1.0
9.993378321812248,1.4357181603328795,1.0
13.802086673869514,2.1650112034980307,1.0
13.445804337794927,19.196292050545424,1.0
13.748222151189612,12.007863552149647,1.0
15.496171310618752,18.597867819743545,1.0
8.708619583852432,5.8969506793354025,1.0
0.2344681352347,7.797487096302498,1.0
6.227223505933297,7.8910638769025665,1.0
14.511555754324693,2.23591045223253,1.0
13.713697131434952,5.15798979889194,1.0
15.394540115911424,4.115456573623765,1.0
13.387068611093795,2.478267162930259,1.0
15.517784433488615,1.728373534440255,1.0
13.646632808614179,6.600263419360537,1.0
1.422698568051497,19.95272536471511,1.0
5.384955646234855,13.3698404822578,1.0
1.5872879000358675,10.795987669788214,1.0
15.727072830244136,11.575375730025074,1.0
13.23662758824703,8.611853317815527,1.0
10.43131412664071,18.958749900520417,1.0
12.723871312329587,18.742721449515297,1.0
14.244115187759789,16.243302230223257,1.0
1.9649387456050071,14.579145259130375,1.0
18.789485030430267,7.474772933628007,1.0
17.374967057268325,12.676269951655176,1.0
16.34053053282665,1.234619304447535,1.0
12.385217479980412,13.811386992487904,1.0
13.49794405787877,14.814168412000503,1.0
9.700618920972477,9.298145864193907,1.0
14.807885745159453,16.205398846797657,1.0
11.926800371469358,5.649025731577286,1.0
6.880101298260561,17.575187521575696,1.0
2.0889919151981595,12.752417252935931,1.0
11.948378582403343,11.786183241369685,1.0
2.8952310802125947,15.71525465864212,1.0
14.60997335646278,1.2419780859864438,1.0
1.4729925445282421,18.04015746890515,1.0
9.950743014723837,11.90079484236384,1.0
16.213223185672,14.244067921052253,1.0
9.117551177832802,6.739828599480551,1.0
12.190662741857095,2.788757182105781,1.0
10.279073528910732,2.9249787086961487,1.0
8.803906905266917,1.901158425365097,1.0
4.102821304295428,1.713878012678638,1.0
13.802310108258624,18.408013292369404,1.0
13.99572695628072,16.900252591938145,1.0
19.43877715707876,2.7467017716469666,1.0
5.0587811281406525,13.570275109241956,1.0
3.188419246014149,3.861011723259078,1.0
18.975204196653415,6.425842292278445,1.0
5.084935199969777,15.623657172437193,1.0
4.106270245143689,10.04657721914775,1.0
19.286434520687504,2.1070253914448833,1.0
11.91399229586523,7.801610819570069,1.0
10.151717276563804,13.091207248873168,1.0
3.750430747257878,17.31399715683442,1.0
12.43178086146708,11.752103208710189,1.0
14.812758215696045,15.988593580462078,1.0
1.7271918243771256,1.822248930612056,1.0
0.0014456757430769684,2.8945732739570817,1.0
18.05114152401885,16.075051073023925,1.0
3.3612592701381883,2.9938620251672843,1.0
0.41250854301831064,11.672833869065283,1.0
7.999183367009193,5.336678318939592,1.0
18.689589042989176,15.908046008390615,1.0
14.585729065361193,14.975051810665509,1.0
1.377562574458564,2.2483869259158418,1.0
14.50089612576166,10.924612804835345,1.0
2.268036557337507,16.3777244751331,1.0
8.87847388253228,2.088645643701348,1.0
10.251784826580671,6.088629530027452,1.0
7.692064807666612,13.433646708635493,1.0
0.6451754717682756,3.2559282344463747,1.0
8.66096561903764,10.569048537470934,1.0
4.175454026982857,1.7829641306899946,1.0
17.997580778825945,6.596436114052371,1.0
14.464192890466316,6.2647300632831655,1.0
10.901763583907698,16.96446512658293,1.0
0.34870426078920325,2.1032830626981402,1.0
7.624256019143054,13.087699847426835,1.0
13.279072902183433,19.522451318841874,1.0
13.557214386982627,14.139261799547544,1.0
4.03429498733364,14.65911659665576,1.0
4.5672856250736515,15.664685166725727,1.0
3.7779112194055187,18.609869304849788,1.0
10.092071391244836,18.147742264789372,1.0
2.723626114168396,17.53852851627965,1.0
1.4716846573920583,15.82548247982475,1.0
4.276210361982882,5.246504510751489,1.0
9.38782770890909,0.13445786828823136,1.0
6.150038185450719,6.823882742658873,1.0
6.230185592837218,11.084560844070285,1.0
4.021779163239985,11.54486805314704,1.0
0.43925688999775225,2.9099866719534506,1.0
7.299927652802214,16.48813720107283,1.0
6.670853424468202,7.470426345333654,1.0
6.122427569529901,17.62360633144472,1.0
7.05860981178593,3.4400177406240884,1.0
16.80704106510336,2.9637734857373177,1.0
9.43319254208305,12.266426324265247,1.0
0.6873456561545099,17.02276411540559,1.0
15.368641500373837,2.776121468733801,1.0
11.768585557859074,4.467402171101296,1.0
13.197486753864771,6.67690512586951,1.0
14.76677650618607,11.30749931932331,1.0
0.8862577879028288,8.283939606904518,1.0
3.935397353729908,12.059958979381255,1.0
13.878189093876028,1.7853779748777576,1.0
10.737613979659518,0.34023390973852097,1.0
3.503414589377414,9.391838771732822,1.0
12.674431704179014,9.470919322409104,1.0
3.981233972461684,5.830249198725099,1.0
5.675852380521896,17.090252918427204,1.0
3.898077443556809,8.080064377008194,1.0
12.548564031607395,6.663157570600104,1.0
12.990459241637346,17.424047842350156,1.0
15.316792962869041,4.183694196984355,1.0
16.73401109999468,2.040574666719104,1.0
3.7268645214568585,0.5648650767745189,1.0
14.123961878276813,18.04416496990394,1.0
10.591632760738419,15.714506294785846,1.0
19.83452524143175,5.490453147460713,1.0
14.449687917072893,11.789205536391599,1.0
16.43869462433055,8.81711086989621,1.0
4.417608098670951,14.876590246352839,1.0
14.288594686298357,1.3024820415762473,1.0
2.503224075450814,11.09117283121282,1.0
19.273844256343075,11.520324038284153,1.0
2.3987109440973,7.929112450238258,1.0
11.486479842045942,7.441681615853404,1.0
3.129532212623598,13.882480311244407,1.0
14.41285881086921,10.540937851163658,1.0
2.9933268730624607,13.989992998171157,1.0
11.987680732204334,1.3231885542936173,1.0
13.618584363755893,13.346432682116324,1.0
5.710853134731224,9.439190517443727,1.0
17.686114966170894,3.110219486691579,1.0
7.026209474457625,1.2163818283579753,1.0
6.637920195429759,13.024539480558573,1.0
14.663663274788664,8.677261881173113,1.0
6.541184614045081,8.384786715510224,1.0
0.2925164333432928,0.40528779460178077,1.0
1.2450037202833109,16.784351200427682,1.0
0.2744563676959366,8.36348194296839,1.0
18.0766658161858,16.652443978796303,1.0
7.419937612989742,4.544397353055789,1.0
0.3414620762500098,10.319368570509566,1.0
9.22728569898739,7.732034567731285,1.0
3.164822722008913,0.7804611326335054,1.0
13.964170251502326,16.291573256182833,1.0
10.492329916778445,2.5412490655900433,1.0
4.625079068996547,11.32305089374924,1.0
1.5752054186698938,11.208751612989428,1.0
13.156012838703184,11.48781945371589,1.0
8.944418594746239,17.43982585783742,1.0
18.295810269085386,17.473239689305167,1.0
14.72804939827697,11.939652269691514,1.0
9.62462089481079,14.885314268319046,1.0
0.21696735076739193,5.908989901126818,1.0
18.47797680837678,4.260031720122306,1.0
0.6744652912607441,19.63599442371423,1.0
15.328878825401535,0.9401367533500893,1.0
19.88260988544247,17.734120045967014,1.0
10.083413004340196,6.491130839445929,1.0
5.755257184742404,9.416700260679926,1.0
19.59036861004216,5.887022896175038,1.0
14.314600534241531,6.823354009691895,1.0
10.864173131623469,19.05932276482953,1.0
11.440659297435506,14.065881736917854,1.0
11.815593698416379,9.795963008010034,1.0
18.672137389825924,4.5205876414647905,1.0
0.0880082408692262,3.1407518234995258,1.0
7.0880479353656645,1.5612872432093106,1.0
3.386491296859999,4.1856188181527765,1.0
19.637039346033916,18.16970100363489,1.0
6.776909112487615,14.357682981558462,1.0
17.500642066537093,5.633582873470797,1.0
11.46529478176523,14.076163147012142,1.0
1.8937620668598831,9.295007710841166,1.0
15.432570453114886,14.313486741799817,1.0
9.860196470123196,3.9628811155206933,1.0
18.73883582060867,16.292479575679703,1.0
6.65812961183617,4.191695498331991,1.0
10.980488901166916,19.614215960729368,1.0
5.361410389213699,18.365110996550317,1.0
19.363967947848295,15.973455874011371,1.0
13.159768157471369,2.5133476931614673,1.0
11.553585994672046,9.701727234168091,1.0
2.03631018433557,8.114393851078542,1.0
16.771006790517205,4.906503243251141,1.0
8.324989915633285,19.666815412549166,1.0
6.163760426694664,15.184354462695831,1.0
6.283747677489173,15.856739731852459,1.0
11.584159993956206,1.1736168969219318,1.0
7.571876111053342,15.042081480804319,1.0
15.482503830923722,3.1556270613101023,1.0
0.5782887142435045,13.166675409458541,1.0
11.535033179292661,12.840593660787935,1.0
9.171526938771509,14.510671324387479,1.0
8.767803973759722,4.399803556880848,1.0
19.73845052810013,3.283810459376877,1.0
2.695003777464544,2.258436943861628,1.0
1.0173132856631484,1.9780715381997283,1.0
9.703762903853638,18.324257921737736,1.0
15.039232632785126,6.458158756573997,1.0
15.915231389984314,3.241205506666238,1.0
6.820970912254443,2.5451925034897127,1.0
15.681103998614546,0.22528468570298887,1.0
3.7329117248820998,8.97195166490289,1.0
7.426944995324183,7.048166734617299,1.0
7.122499924837613,17.079173969637672,1.0
10.612768188975556,16.0688630475246,1.0
16.59459670902341,4.444450564832129,1.0
9.897730783549017,0.9286150516411973,1.0
7.879981673127934,4.436877414040989,1.0
13.974482218012225,14.179591882379972,1.0
10.172532703294141,8.567902047333252,1.0
16.706946142807716,7.779433667603017,1.0
14.758861881586213,6.429953001437536,1.0
1.1333982540470866,10.562543129918895,1.0
18.49514669005798,3.5941172063518056,1.0
0.23053444404645962,6.072220941447808,1.0
5.797732154711168,17.31284203390565,1.0
2.096575050488041,10.966774834701631,1.0
2.307026564149852,2.4673731877081284,1.0
5.973858329737263,2.6859302365203863,1.0
18.71275500319519,6.2603823520698,1.0
18.00927366180874,1.7987163781959636,1.0
0.6222634311424535,10.424776894302262,1.0
19.647881789573457,5.868656258917559,1.0
17.8530539399323,18.627100272456726,1.0
13.123838437758643,2.967083195258271,1.0
8.875057946994607,4.3398673997337855,1.0
8.263226649456536,6.205104693139196,1.0
11.422159336310553,0.36568941966720336,1.0
19.98158021659495,10.989014778714248,1.0
3.0157598097211324,11.516166427415055,1.0
16.243991460189353,14.580235306599283,1.0
7.512758330533895,0.22827487476924757,1.0
0.5094181135283082,10.47343964186085,1.0
12.527284436615558,14.026572194349153,1.0
11.761334404453695,11.626054441526827,1.0
13.765042759257414,10.844759432643691,1.0
4.344730620089312,3.632172948195187,1.0
2.535623984912785,17.43186875500847,1.0
5.7239802714595545,3.6395203187691583,1.0
3.2192537864428705,11.610021962899186,1.0
12.874122560271141,9.927785109616016,1.0
3.8833396130494235,2.987461454340248,1.0
11.579403902230567,7.4867920670935595,1.0
6.2527111673127145,19.50377755359242,1.0
2.2102495426343305,0.8975393756284222,1.0
5.373225883758366,5.958902540991731,1.0
2.8789142461696904,15.962894383535936,1.0
6.734517901026638,6.36964488816814,1.0
4.848330590885257,0.27781820483066433,1.0
8.322315257943188,15.993588846549693,1.0
8.54607321141213,3.535601516164697,1.0
9.517647812565604,10.244530616844333,1.0
2.7088229804677,9.652385526059131,1.0
4.632811481104476,10.767407082417968,1.0
1.4498945901465765,16.853676999554875,1.0
17.662823459384164,6.3240748589870766,1.0
18.932185105352726,16.065211292027854,1.0
19.05670868671668,10.768927897485394,1.0
2.0602272613843575,17.411008093839698,1.0
13.758359844664989,3.940768309625906,1.0
12.738048085752807,15.108002877385012,1.0
18.411529854119255,2.3761906752226336,1.0
5.8780222068206385,18.66569248145946,1.0
18.795643600587045,0.2861056667677797,1.0
10.87108035562264,17.484092592800074,1.0
2.337135204156837,5.27423214729019,1.0
10.043267223075567,5.820221323799206,1.0
8.099891422672806,16.005805891242296,1.0
15.342352356526952,9.140533057376999,1.0
7.020138489710259,12.986378324671337,1.0
14.612134967856116,16.3352026420924,1.0
17.5229648322538,10.205969147933473,1.0
16.012915668162268,2.612498015758986,1.0
6.739070709014083,15.91101106381302,1.0
9.111600467256686,17.819059647392933,1.0
1.5171808064141867,2.507848673104449,1.0
0.6364394586435407,6.418316794266749,1.0
5.441011102035147,7.482302927030673,1.0
14.47226862566879,11.263418488442348,1.0
8.800833752380138,17.20787154171952,1.0
2.695750330471176,4.635743950292037,1.0
10.77958182708871,19.23368012997266,1.0
15.676922691440875,14.886182028933451,1.0
18.399331407542324,13.274085124556528,1.0
18.564545413343847,17.163832190573217,1.0
19.13556343822139,6.375665501214045,1.0
9.935300567219718,18.114621188323813,1.0
4.05993180658879,13.626208880397712,1.0
2.365855662987162,2.333655115427087,1.0
3.8051715788253326,10.697204137317781,1.0
11.071059601996513,14.471460990509975,1.0
19.164581249565522,13.816293510543499,1.0
8.007345609018744,17.133340533243235,1.0
2.405745561268078,15.39529371501768,1.0
14.601843564653798,13.380709367515555,1.0
2.623637232009828,17.586030966006103,1.0
10.567585524196073,17.29046653097462,1.0
13.943953535268449,18.07154526436159,1.0
18.607165465499186,18.03815830251803,1.0
9.98192980230449,9.276855780025725,1.0
17.97406018026698,10.543023075890892,1.0
14.328398354304975,15.209336169243237,1.0
7.325248626492811,11.890483179603983,1.0
13.690659996649305,7.156509680747057,1.0
8.906233924327276,0.7193556021534864,1.0
4.7492225824876915,11.486423706891863,1.0
17.376626424956832,12.973885716735499,1.0
10.917846863372931,0.12389526222013725,1.0
13.584503677325232,15.368455613157717,1.0
19.24351547648126,5.90449145612753,1.0
12.065396337214558,15.652412615457855,1.0
17.67138701567408,12.918993806947146,1.0
9.802935013769359,4.0501920054506035,1.0
3.549418667387665,8.029285395412593,1.0
18.328546214590784,2.887855010318501,1.0
14.599359615316532,1.130306480581067,1.0
17.649433253624537,14.618896207779597,1.0
2.311706627770662,14.16843042734798,1.0
11.800714980854984,8.657145497686214,1.0
7.93817970427209,0.2586515278504975,1.0
18.550250806932475,15.741378278803097,1.0
9.011344910719718,2.708584444805988,1.0
15.267247158268862,3.934376311582397,1.0
8.185943546367373,0.7849021996009165,1.0
10.172760489173909,4.75490220042694,1.0
2.4552471910727935,1.5884609583338527,1.0
16.01164030233942,13.209050758908083,1.0
14.512687907403647,1.9570018799880362,1.0
6.958996023520953,17.117994798341417,1.0
16.814941291107928,5.756767233453617,1.0
10.291309413504909,5.286397791035446,1.0
15.540363953517994,0.4575212303963938,1.0
11.892912546041018,5.245777387905566,1.0
16.572452466784085,18.32615717870512,1.0
14.728201501178988,15.154531821684182,1.0
10.996018692717273,10.191430718714457,1.0
18.830984398778316,3.2173929455148342,1.0
19.220410719738634,4.565481732331886,1.0
11.858044536456262,16.169508099782625,1.0
2.900301591949519,19.31468538760386,1.0
10.256905724320848,16.592787707329094,1.0
2.735722163901171,15.416463998814534,1.0
5.905292631192736,16.195873803713205,1.0
17.408859919499168,10.468126307094591,1.0
5.817942400681466,12.533574498107317,1.0
3.68358642464915,1.610665234317914,1.0
1.3885081702005753,0.38662481417132133,1.0
2.0848936691745346,16.210796048784783,1.0
5.190986299610845,10.966341881493072,1.0
15.86016161662278,1.9519562272487678,1.0
3.653110922282674,8.581471701819058,1.0
16.337481793483835,0.5359778356652267,1.0
6.843336075163644,11.808385675174042,1.0
12.55981186930946,6.708443835816313,1.0
3.7621900187695134,7.842273538789522,1.0
3.0938251579255893,19.73391137074847,1.0
9.560495568018926,16.477409680170588,1.0
8.532300774150112,2.0699278557360423,1.0
0.34022164736796423,11.847208301364923,1.0
16.23690086710375,16.0179043126602,1.0
3.129369763904044,7.846037268998602,1.0
5.200630971102241,9.173031058511267,1.0
7.754111002428887,9.278268368733123,1.0
7.74666446464523,18.727064235960526,1.0
6.282602811729021,2.6516202246021847,1.0
18.40332080328296,17.457099026237174,1.0
0.6671683588270416,15.04470297538268,1.0
14.953148868605686,15.223724016589461,1.0
12.141646978563186,17.995878418348845,1.0
0.9108798907771121,8.557227428097425,1.0
17.06811011322933,19.203474262861402,1.0
18.588565899688327,1.4678536206860682,1.0
4.793348214181787,14.99454807390121,1.0
15.791861976180767,12.581202761766486,1.0
10.904548796273577,18.749942317193153,1.0
2.062468135279325,15.931497942573166,1.0
1.5987588328209856,6.173369056493434,1.0
12.053458452921761,9.487047624426747,1.0
9.033051560542951,4.120768738479807,1.0
16.351153010912192,18.953656094811652,1.0
18.17538196104219,8.176366832103515,1.0
2.9285980672087653,19.0686468709232,1.0
13.747366321077925,8.821786470538447,1.0
5.813559257615282,9.205787766158304,1.0
9.885741774331706,8.302941475863486,1.0
10.524405667129281,18.030742140954185,1.0
17.480413491385065,10.861742114310672,1.0
8.221394574409423,3.265136105056934,1.0
3.289128424934298,4.3560620054925785,1.0
4.958464779984169,5.2537404812793165,1.0
15.366403326115393,18.941580787293482,1.0
2.578341883944877,8.606957434013772,1.0
3.555981157149939,17.651922149611735,1.0
16.762570208371777,6.520050227076252,1.0
16.084457371013105,14.66589106264384,1.0
16.15958967747694,7.836579888387134,1.0
7.296857178503751,2.1193940146873236,1.0
7.544136899889089,16.70448079125901,1.0
6.111895463874748,18.622654411318162,1.0
14.154239964317538,3.3952530530824143,1.0
0.8896373401563307,0.6425753150102675,1.0
19.236399591898632,15.822718852485702,1.0
2.604097242097838,8.056875686451242,1.0
10.836833851374815,0.709542204183089,1.0
9.681243171648394,10.947644269803323,1.0
14.936275455661587,9.534150336015315,1.0
6.3371156308510805,6.912828672072388,1.0
15.621615684339584,13.588327892636322,1.0
11.06622565003817,11.708257276433528,1.0
9.942777964870864,4.744264791711219,1.0
6.964388008467843,0.10531932053478021,1.0
2.743431228660067,8.154555867960497,1.0
10.347997099115426,3.3645127737382885,1.0
18.621380290639273,18.106949460723854,1.0
17.535555142551143,18.294699342400442,1.0
0.6188852949433077,8.342430161487133,1.0
3.7905158501300518,14.153686808175854,1.0
16.233503440344673,1.435290401758531,1.0
4.7648833542729445,12.705105784363235,1.0
1.809846132469477,11.695612844223708,1.0
9.470129139925561,16.5100247565748,1.0
9.907267244672315,1.6908658875781346,1.0
10.757571381017396,5.474607119168198,1.0
10.671458153343842,5.329139792009192,1.0
15.262645978239608,7.168556302522684,1.0
12.314837750205434,15.439297189282396,1.0
17.887638358529262,16.31015827436267,1.0
16.25210885491413,7.193683606360155,1.0
14.034327108065366,10.462230512417696,1.0
9.632010425666751,2.3255672213768297,1.0
7.619192690645573,16.67152583339989,1.0
14.074297040539463,7.026943011807518,1.0
15.769059368512172,15.153017375279674,1.0
15.27567850312028,17.00522833327424,1.0
5.9473865386203855,13.295048227340816,1.0
14.864097303685162,16.168146704755475,1.0
2.6369036287845393,7.271798096235282,1.0
8.202165957067745,17.51896901960346,1.0
5.930553983690256,9.14908836316643,1.0
5.476195267141346,12.597709330162965,1.0
7.111303771307327,14.108727913920799,1.0
13.660327713351194,0.4954558862914893,1.0
13.842972648473173,19.925991929202,1.0
18.051275035792298,9.093767239162535,1.0
10.017692212768775,6.547813149312798,1.0
13.053386871932005,9.470312646246512,1.0
12.897204185951768,11.882341202263545,1.0
18.168770838015554,6.711237420423526,1.0
3.8944824295064473,8.818213312393885,1.0
6.496547548763536,12.025645714692406,1.0
17.762598915458142,16.43241549489928,1.0
13.402803754786696,16.34562682553436,1.0
6.257965807547185,17.526096399858268,1.0
14.364749571417633,1.7317620660223776,1.0
1.8543660889562297,15.767987987542131,1.0
7.96502982982771,0.7159401090991491,1.0
7.33995933400162,15.290250261048453,1.0
15.863237778800407,3.9130492489726665,1.0
2.6901627227108382,16.56266811091682,1.0
17.66046137421605,17.879154490749094,1.0
7.771613348053719,6.385177527366432,1.0
10.253357312396286,0.5852805376565828,1.0
19.47834562928264,10.725458323731235,1.0
13.03076385811334,6.167672146744636,1.0
3.613543156278922,18.142081505890598,1.0
18.391206912542977,2.502497996979147,1.0
5.900463143800381,0.65094886759818,1.0
3.7575020827826666,2.402146792182651,1.0
4.154165585857803,11.292754650790934,1.0
18.402938588649597,16.597009983599,1.0
7.911745966479464,12.773324839987216,1.0
3.442073498103544,3.830782583211527,1.0
8.15458451208631,11.772727984030812,1.0
0.19586906574126317,18.56985599854034,1.0
12.53307589344441,3.3507094980222174,1.0
12.371757048036693,12.368183308754897,1.0
5.168751951958363,15.3013857084993,1.0
13.331581461325966,16.286894977098463,1.0
19.60229128080225,8.941223065936011,1.0
0.6064243592055951,10.27514591641242,1.0
5.312877120746764,2.039347944172958,1.0
16.356792254805356,0.9364187831928938,1.0
11.959183026553076,4.419410842535257,1.0
18.97113519787104,0.2189234043354027,1.0
2.4111524661960315,9.363039085252085,1.0
18.821799259435917,9.841253101121133,1.0
17.081699161862353,16.393053590028504,1.0
6.5744297173652955,19.82212030083289,1.0
6.902017122430788,4.378098479713559,1.0
13.228134154191537,16.100662347450914,1.0
14.143526778633994,16.585574559867016,1.0
10.273590551921872,8.629455794514872,1.0
0.23683438829896986,1.7902081475205756,1.0
4.334437094528186,8.543128597264737,1.0
9.6112423571923,1.8647142539297312,1.0
9.70950913715332,9.119595115959363,1.0
0.691880212140854,5.867170259943029,1.0
10.120905206981824,1.1539269617197712,1.0
7.710318956322717,13.53966723781954,1.0
9.407142731146184,12.18282481397715,1.0
5.363096084303088,11.103938214960174,1.0
10.670788256560309,16.173083493255277,1.0
16.27024615217839,15.137997017802052,1.0
17.08001817614797,1.9632692979493371,1.0
8.11158740747369,19.387929470337653,1.0
5.801600630045676,2.7033001961731107,1.0
15.600426681044306,4.352001980491864,1.0
13.078755766122729,0.012243952382864354,1.0
8.077130957560897,2.334441817888353,1.0
8.243587743916748,16.587228776621817,1.0
16.27931067427848,2.5564138258234337,1.0
11.144238395688834,8.295129563111134,1.0
7.766716755244245,14.18945563073558,1.0
16.708284464960776,8.465643703748544,1.0
1.366346586376077,8.639952247508845,1.0
5.000213941315906,0.15675390642441167,1.0
12.957123187300008,8.003775168071254,1.0
0.9196531203604308,8.940304780372713,1.0
13.784687771091006,13.925648288540842,1.0
5.409941810034682,9.308845102684204,1.0
11.584971743796595,4.273511617887813,1.0
7.104404191931623,3.738870998429622,1.0
0.26198682982779387,3.01073393651345,1.0
11.89437715681602,6.0657147035675285,1.0
4.345730442585052,7.962236741491687,1.0
15.083486561770595,18.99482421930516,1.0
14.53789597574168,6.166685327088864,1.0
17.295723373007277,12.688550387157989,1.0
14.412426364907882,2.245965928626137,1.0
16.40885306406578,1.37467466485107,1.0
2.1592580507666126,7.329665074504794,1.0
7.794807417528549,8.594054315016662,1.0
16.032998813594585,14.563351841858243,1.0
6.4545364243392385,16.445509043186842,1.0
15.200050227987083,4.369339063967905,1.0
5.3794126188076525,13.677377614480191,1.0
11.647171739853036,6.512234123998861,1.0
5.770278733196108,5.98434918617704,1.0
13.629010510750918,1.9203943963911096,1.0
12.315884233881844,10.561727045054992,1.0
0.8651514875339172,4.05862667186375,1.0
12.782736857483057,7.666793685952369,1.0
9.156272086772702,2.271086317448987,1.0
6.291213761206336,8.75034633580537,1.0
9.42562999319888,17.79091816933369,1.0
0.31914527764161926,16.739290548060247,1.0
18.78405517280308,16.521868093290987,1.0
2.1225455417484085,13.221784522988454,1.0
8.083394058288993,3.513100063686383,1.0
19.361928231098165,16.28347139656095,1.0
18.102441445368942,17.806033011596757,1.0
17.211259544154483,18.38169375466772,1.0
15.923472958522208,0.34780101515222483,1.0
17.8654805015246,14.780898585997077,1.0
17.689490589944768,8.927661528110786,1.0
8.358566608267202,13.555579240469823,1.0
0.08843049334092301,2.3896651480397746,1.0
4.5881249534266155,14.682145149410568,1.0
5.332805686813331,19.874663459857025,1.0
5.694951485726724,4.8593370911085305,1.0
18.25236965731886,11.549182258716158,1.0
3.0214043575517158,18.69041855449974,1.0
13.336026871345794,2.763698925154461,1.0
10.08971156999885,17.237266313713288,1.0
8.6591416874116,1.793424677777511,1.0
16.327466704138164,19.199800626406173,1.0
0.3340883397944494,18.661746928093653,1.0
14.575275559753551,0.954694738553663,1.0
13.363902851877395,11.041243663142623,1.0
4.474942208613033,19.81977986591932,1.0
17.763791432887533,13.422473233552115,1.0
17.376875651103912,15.432697919079883,1.0
3.8374823261833746,7.424746264781161,1.0
0.9299629295641854,17.042568206784498,1.0
17.56526911713941,4.102748033628513,1.0
4.210304191156271,7.035910012537528,1.0
7.9515089625736195,19.557926707965894,1.0
17.186133403421664,13.857480108560376,1.0
2.4990498601834976,16.9085582642792,1.0
14.52870573934373,4.909781116822661,1.0
7.528073058011831,8.244043911851115,1.0
15.024456328999932,5.809290246254841,1.0
16.063816338546623,15.823364737978471,1.0
13.826452175111477,10.325542143650948,1.0
8.329088408936142,14.41609655986122,1.0
12.83920934620024,4.786960143405759,1.0
2.767182858883628,2.6786853322957827,1.0
14.191849979529543,18.14193880572364,1.0
1.8258593926789235,3.6900896514490777,1.0
19.948711613536155,2.9402551237794294,1.0
3.3511454843560617,12.654981805000654,1.0
3.8918821445868534,14.514013711325397,1.0
6.708712501257528,17.553097321373382,1.0
7.38814017006824,9.062696089157303,1.0
2.967689101738169,14.011771714584697,1.0
7.485883505478366,19.045677609238965,1.0
11.097240085886586,15.627985341038595,1.0
15.998431148803894,14.169376819547681,1.0
1.9022265587317277,5.0447103149115975,1.0
0.12269964462946481,2.2144117936278773,1.0
15.343017384877992,15.616787117851715,1.0
7.6744778402112885,16.224390684227245,1.0
12.171240786189522,1.5412535325881072,1.0
10.446100390602389,12.602767452823025,1.0
3.06519956456232,2.5002550643464394,1.0
14.075361006274544,3.178669481514491,1.0
6.20757663106013,15.695953446938482,1.0
7.822036062409485,19.467940102823572,1.0
19.041827643900394,18.660565826651656,1.0
4.001626175233399,14.724311982517882,1.0
6.653538079125003,19.56246469641084,1.0
15.92329433419738,4.922108683669572,1.0
2.1177786816219624,4.389806985459357,1.0
11.731711293215842,18.244855773102223,1.0
6.6744635726462365,10.98972339849441,1.0
17.74424038777076,3.13098715750334,1.0
11.195309505864074,4.179467245425443,1.0
13.05155664769794,7.347684126970304,1.0
0.5834824413774764,9.822339429292768,1.0
6.507250349590487,8.291389973602213,1.0
19.03355603894937,3.3785230511805198,1.0
17.783602514168958,16.91098550647926,1.0
13.11628039675304,17.771268559917427,1.0
19.76843603285894,1.488369915324541,1.0
9.357372048208816,7.788749179312646,1.0
15.028721534834787,5.955498331729965,1.0
7.420065589107732,2.7894439713100327,1.0
5.215336039014704,2.961032546593665,1.0
8.352754465599032,16.056138432376535,1.0
9.260509494396283,4.726401794396438,1.0
1.1320390936738511,10.764125015810706,1.0
2.3081015894801493,12.476800411737623,1.0
9.5041031626905,15.02552159017153,1.0
11.876606250525965,0.31475631370662116,1.0
6.199005593305498,11.456360084783208,1.0
17.404273917467734,18.307499216762253,1.0
12.670717764598214,2.7532213917501402,1.0
12.363144435361095,8.653127692439618,1.0
13.634019886685259,18.117784408260558,1.0
6.052692987392083,6.694135724964818,1.0
7.553166236377438,17.759007638237954,1.0
10.959596125551556,5.397195445827383,1.0
6.819492266634946,13.891527843669568,1.0
8.135782829090498,19.22512044266353,1.0
12.272423624126262,16.837174470621587,1.0
4.873665765930644,13.50499774775216,1.0
17.817259736586582,15.396687536532326,1.0
19.28924221586608,15.964680591412133,1.0
9.289605505755059,9.912620303353819,1.0
3.3484689590109062,2.133519946162019,1.0
14.049986685669761,3.557112161186542,1.0
13.949393850403952,0.13231770812303312,1.0
18.004059374125763,2.552552288957197,1.0
16.95895195228829,18.930613667419074,1.0
17.522394573624595,18.176744593577205,1.0
8.941828738188306,17.125133366584496,1.0
5.603777071347984,2.039611519619038,1.0
17.030378931216028,1.1946990327386953,1.0
6.335879787635474,16.17733757797063,1.0
9.838073572003713,0.34701189312231984,1.0
11.422739448787665,3.7925116257305302,1.0
2.5817043165373077,15.745729473505447,1.0
6.701479285623333,1.6892756103261708,1.0
11.033949471321382,4.372749650565737,1.0
15.65561138640687,7.542385327123224,1.0
4.636320058067778,1.6688378555971073,1.0
0.5145847709146145,10.392104160858487,1.0
19.722649630973198,6.394112374314749,1.0
9.80915249586944,7.7807750181610995,1.0
0.21183528530649198,17.41818444083399,1.0
2.0970482078198205,17.595985517643157,1.0
5.216937293546444,13.647705393470178,1.0
4.600726337409579,7.953745343848615,1.0
16.092405931384874,18.8131873326984,1.0
14.844370967081995,16.836636472116826,1.0
18.48012304349657,7.719707534492056,1.0
10.997982258159556,1.870766923315832,1.0
10.679077287950571,17.23424521455805,1.0
10.66685527877855,1.3738544356781746,1.0
14.840938343740609,5.755762205378973,1.0
14.12145709506458,2.085022728637913,1.0
16.487875697941277,1.4503872915017069,1.0
16.39285645212347,11.14685036657746,1.0
14.983073349765657,16.078482525909816,1.0
12.15044432060662,18.164454353361045,1.0
14.787046382308962,7.16476165724186,1.0
1.7333027135667867,15.957459963952774,1.0
12.588163287298027,10.923172854162228,1.0
11.835066397988271,6.622950882242799,1.0
8.193531021371921,17.65528310699405,1.0
4.68964072707543,2.8616240479550115,1.0
5.893590891034344,9.42187257641236,1.0
19.94639958403721,0.9469272667929585,1.0
12.482122977474395,4.222210111650588,1.0
9.952828986049003,1.2613233530024481,1.0
1.9448364248793881,7.065055520809633,1.0
19.2788021551852,6.960417583476472,1.0
8.466864389479769,15.87703407622068,1.0
11.397616941732755,6.551666469484745,1.0
1.8379685048503558,6.362920999594253,1.0
5.552685919490203,15.425728349048608,1.0
10.452524981464055,6.311849987232769,1.0
15.15380130180796,8.913080031263789,1.0
11.902803663483667,11.414007596828801,1.0
0.19030768356459227,11.243541340004919,1.0
1.7616970989470682,9.944668557613959,1.0
7.999688969571697,7.669284921105337,1.0
0.5582351150506315,7.6589792391729805,1.0
19.705520876625847,11.352035384875855,1.0
11.352342546194796,2.9162827534423497,1.0
3.353934711471762,9.734979273053405,1.0
11.921831800973028,13.184486531767911,1.0
7.1656045488798,17.54706105837576,1.0
13.777909900882662,16.682088968953636,1.0
10.059889382568718,7.26883324163045,1.0
8.3527897837265,9.629001614571353,1.0
2.9831998950482563,0.5402675158272441,1.0
19.61875399722631,5.1536013360511586,1.0
12.369190670016375,1.8977998635978155,1.0
14.846378654698743,3.8212798101724332,1.0
2.8950231151033234,7.272363381392446,1.0
3.9995020946907567,8.397726633839408,1.0
11.120330406894581,12.673561632485669,1.0
10.571673273704402,6.310732051530796,1.0
0.20569988861767197,10.77313628305098,1.0
17.72848603280797,9.567640561505165,1.0
8.141227816798072,13.30243655389274,1.0
12.031730268356633,16.79390832944228,1.0
4.6843089960239315,10.623068580014294,1.0
2.605558350615491,16.421679426466163,1.0
15.376368308783945,3.1240232472209106,1.0
5.877236169487423,7.102812232980689,1.0
12.652684707171353,19.94852280527644,1.0
16.32170167697456,6.355159004637658,1.0
16.21535366596819,5.433500421085709,1.0
19.88701848055518,13.888485576712544,1.0
8.777312464028162,0.9804404051295812,1.0
4.187165369583907,5.222119774854677,1.0
6.939151116382809,2.061952157775726,1.0
19.98024478817525,0.8043027255736268,1.0
12.912704645701085,3.0140744288597165,1.0
15.838768306173543,0.12048541361620924,1.0
16.70843505198476,9.891367063327973,1.0
12.332480843310636,18.392890556061914,1.0
14.126655537149826,11.444387873239528,1.0
11.136476406768917,16.413158604034642,1.0
9.781183444757723,2.141689892100491,1.0
13.767769725561923,0.09326427184460861,1.0
4.840954881268267,15.037681360138793,1.0
17.40258374685093,2.5416318015597783,1.0
5.687488932241194,16.235800689076566,1.0
16.22768539214288,11.422893082116484,1.0
7.826770406027961,2.0434191623534903,1.0
18.210853723742797,15.180725452387252,1.0
10.947854439287726,1.006048290184407,1.0
7.778673607503306,12.936188132356836,1.0
14.327121422938017,4.566959836668469,1.0
15.171637679012374,6.350582102675206,1.0
7.980265269181473,13.973368124451602,1.0
19.46019941246699,16.958743406186436,1.0
18.83925084019524,0.5988912642106037,1.0
10.806698555537892,19.424930745335377,1.0
17.60422688967466,18.770666397008277,1.0
12.027290108548767,3.6187115135688575,1.0
13.826485501062223,3.6975364197153127,1.0
3.12076402264978,5.16609174064792,1.0
19.262847502125247,12.487941668187252,1.0
14.352118588305881,18.53849763980937,1.0
10.289920306056771,18.118526220195832,1.0
3.5735841627590337,4.99831568562251,1.0
9.185343683957505,19.00542209086767,1.0
17.62891351238292,17.133333224915617,1.0
1.5747549854747422,12.519751170910823,1.0
9.904407582574706,19.390287105648337,1.0
1.6067043027610772,4.063774563753668,1.0
13.531337456986678,6.381976107936838,1.0
14.931765686505454,13.412519244271097,1.0
4.04191100644157,7.224667056122596,1.0
1.2297746876097837,7.560508344780685,1.0
6.3622044320443365,8.284830995320744,1.0
1.3090080528376635,8.32407495410855,1.0
18.083223803261895,14.644970012381275,1.0
11.444167607066607,0.14594784882540957,1.0
5.682372481285838,0.7438948089627484,1.0
5.10764596997658,11.100749705406725,1.0
2.9109482585169233,13.464898045675033,1.0
4.986746946128435,11.726905229505624,1.0
17.364052053037057,3.571886546024763,1.0
11.090305835536151,8.397271974520375,1.0
2.5661898566571972,16.133415531944113,1.0
0.08702429435123227,1.8304901322775402,1.0
13.842030619616459,1.56620683804235,1.0
17.49543519270841,10.215903818286911,1.0
9.212014252574301,5.6370770673309085,1.0
15.947128953622048,19.543483710604228,1.0
7.623818962118949,19.23400566332433,1.0
10.779786740466422,14.51205178485926,1.0
3.439205553639242,10.859768535303813,1.0
2.613904941730496,3.071641482854628,1.0
12.646403885643604,3.687469177743674,1.0
16.71749165659453,2.9689266661241986,1.0
9.289657909272558,18.89897775678427,1.0
19.80797891134705,13.877722849383627,1.0
4.540446810121114,8.244541165863373,1.0
18.325948132777523,12.985348854301028,1.0
4.771726662427936,9.33820613218801,1.0
4.524563887144321,19.31493654246107,1.0
9.492780977056324,12.210443460056439,1.0
18.76573446939599,10.137643099435937,1.0
19.84101424648232,11.650280680828402,1.0
4.966296437932824,12.017617420359914,1.0
17.437635304007735,6.977778453871766,1.0
5.230036772700104,6.210180727673373,1.0
15.080063479446263,0.17481292921095903,1.0
1.287504444731944,16.176043688118487,1.0
19.715435723506648,17.68373115459674,1.0
18.68638196768431,10.425986096143468,1.0
5.355738848662314,11.656149794874748,1.0
18.186316075672206,9.012933991265443,1.0
19.528272726812332,11.61105286454532,1.0
7.735995264366382,14.5303609917074,1.0
8.784491905188442,14.501763992967732,1.0
7.933082337702809,11.538290602174948,1.0
1.2576257148338943,17.77064371975244,1.0
15.690810443848202,18.90890319504106,1.0
3.6003294343525694,16.637415413549046,1.0
13.07384920012186,18.456990473155518,1.0
15.518054901034414,7.529897391745639,1.0
5.5630369450629535,7.73767048941626,1.0
12.940300378635312,5.594207466573462,1.0
10.886632113420687,13.629089952896322,1.0
2.313894251228208,17.81854130383423,1.0
16.800882725166694,12.31015261588482,1.0
18.650285828977125,12.77487595719161,1.0
12.378155846263821,7.628329079089182,1.0
15.474157379430167,15.129287739244466,1.0
9.442738730793218,19.140448219981224,1.0
4.412849849544347,13.808533247737941,1.0
11.093647962499439,4.26640100979226,1.0
4.5201285296984794,10.708879436039675,1.0
5.444335923344612,18.24230287304108,1.0
17.4273218458716,14.49119224082316,1.0
16.774330972149926,16.816914663320162,1.0
11.034814736862215,17.17939427210306,1.0
15.073028772403287,7.375046835106613,1.0
7.274536650192529,2.668324743778696,1.0
11.71734498467022,12.963510871203535,1.0
2.5956742802784527,15.427473699956813,1.0
9.795031781688524,4.8935680040539165,1.0
12.299348801520836,15.35813402082945,1.0
1.2778503033346045,4.536456558114866,1.0
6.91468396657905,16.029709130277464,1.0
15.858846867010065,7.146046793058645,1.0
18.799281689686765,10.580259816727741,1.0
3.701383017634816,8.008710242421238,1.0
8.853011312906865,1.4345221301668953,1.0
14.04159000355678,11.572057669880024,1.0
14.321045338537283,13.196763655187677,1.0
19.53867586529079,18.936822321967995,1.0
6.119204550992721,0.8573137680903509,1.0
3.9757588197293336,16.237321350511163,1.0
4.381685431550806,16.373456418253948,1.0
12.552466651813017,15.166387882648188,1.0
2.0438919933810884,12.959365604555837,1.0
7.169507178789624,15.60584182220474,1.0
5.554518253976766,9.520675879724866,1.0
3.5332720056732447,0.7829715946994575,1.0
18.202934607909917,6.114890366789356,1.0
11.057087965009693,16.4906842109242,1.0
0.12602998412090782,17.66620058225921,1.0
19.720861195642904,2.778987782601565,1.0
13.742927374497203,4.518332573070758,1.0
16.505672363230982,7.875207193450895,1.0
18.36317690047299,5.855065466954779,1.0
1.2946463973566469,11.10857652848097,1.0
15.74443801403021,3.375954575635267,1.0
13.93527209805292,15.85352056097583,1.0
15.646113977911707,17.91971309291877,1.0
8.692641094165952,7.859021010117157,1.0
13.869044428320565,0.8851406715024313,1.0
5.697460420909099,3.4139437815524487,1.0
18.48221594392015,10.164889440321671,1.0
8.75405212086145,5.853744558304341,1.0
8.573068079118151,12.232789089207996,1.0
7.005614017776976,18.95445300075147,1.0
8.232464846681394,4.454566792368961,1.0
4.072275557798097,5.044401703787626,1.0
11.047681830143963,5.877972148470518,1.0
4.869901792378355,9.688128499197655,1.0
5.137955271178902,4.254155280570928,1.0
2.3089174203734886,11.68945240443589,1.0
11.734140646276476,8.743375995740642,1.0
4.181439734156318,8.830604042191199,1.0
9.073177396063253,12.982571811390649,1.0
16.512124694442083,16.551204988027873,1.0
3.7128929592136473,18.413408050516228,1.0
19.360953426344494,10.462079506847504,1.0
1.4729761699393618,18.107315130455927,1.0
19.667041801888352,11.743355203501356,1.0
7.811639943552169,18.967621098640176,1.0
16.69121710987559,1.2499797678732993,1.0
16.300118930714266,15.17043474909988,1.0
1.3095661507990775,8.783200140048068,1.0
11.469615574516517,18.11580607551319,1.0
6.478465619330194,5.9088851572369645,1.0
14.040288396302525,9.683237664272513,1.0
13.146579710317631,18.25841518227643,1.0
7.053466007246694,10.712376156464078,1.0
15.302643319146336,5.190759568617356,1.0
4.400037348544263,9.517187984484245,1.0
4.037276379931491,13.917001128509893,1.0
1.3827338298622194,8.44193495096044,1.0
5.52802702742534,4.877964616934807,1.0
14.987788826953011,8.85979180014357,1.0
10.173311865406161,1.786995723587621,1.0
5.616081441164928,16.309228022968476,1.0
4.334355209854568,17.908260458000612,1.0
19.71259304531648,15.646715030432572,1.0
6.395734069267975,3.9639866432585302,1.0
8.88109965713232,16.789866042833346,1.0
2.128132571554049,0.15384762857193923,1.0
18.40581757348464,6.137646624117181,1.0
6.1204399059142816,9.977042544267967,1.0
18.075257114928252,10.94674689935291,1.0
5.944950715452084,3.315830034536549,1.0
18.544909572698582,5.292123881448251,1.0
9.179459587651333,0.6553757719418396,1.0
1.9398188118133852,4.195690807925542,1.0
16.163804214443015,17.942801207863848,1.0
17.405860044525134,1.6610325824447592,1.0
1.436236256205674,19.482751045017284,1.0
13.925178007163183,13.422340957412992,1.0
16.617686910078856,11.956001909093317,1.0
8.651235684721783,2.4887987635144104,1.0
0.21042699265028997,5.929337224917479,1.0
7.937512634798036,3.28560426701336,1.0
8.537605220327713,6.179904859632028,1.0
16.749337468861402,3.7774390366230692,1.0
19.543724406610806,8.655740610348605,1.0
3.9619889549804532,1.4683563116759357,1.0
13.421477313783171,11.32547241176723,1.0
18.08620253412148,1.1775933924493298,1.0
10.217109649450641,13.026840128085125,1.0
15.591328748932105,4.0922093787973735,1.0
12.150164602093978,2.5702069987254594,1.0
10.84594009562297,4.269235295606435,1.0
12.783631663476974,11.829079919123275,1.0
15.816582182065302,12.684042951143567,1.0
8.185283999686044,18.514890240565308,1.0
11.455361569500166,2.1949979768472905,1.0
0.208946564018746,6.99973250254081,1.0
19.575726006117094,14.487199466809844,1.0
1.9316366054983036,10.781236286041093,1.0
17.707514303627875,7.407084026382669,1.0
0.4671839383335685,16.125186246388235,1.0
9.074376270103013,15.912145040257693,1.0
17.7043756980329,12.391284610848619,1.0
6.919703857360783,0.35042408759487165,1.0
11.300082385947478,14.638911571666299,1.0
4.09666784478013,1.8707535964075372,1.0
17.918298137603642,17.647305169639456,1.0
2.2994503908904584,4.762262536048247,1.0
12.883285987903577,10.742209881244943,1.0
17.182386896036768,16.570009537447508,1.0
16.59415704029579,3.1464871187826193,1.0
5.55111486794333,11.305501876445696,1.0
6.3122963129657546,2.3368019332446965,1.0
16.817860595433455,5.509900951860116,1.0
19.466846113484035,8.738139148007512,1.0
8.960794084972823,0.40442379833651065,1.0
18.336787507077645,6.27640709859385,1.0
4.865858947151482,17.85724027560298,1.0
7.336232779385945,3.9447138141612093,1.0
0.3807298887677435,9.898326222819353,1.0
2.2084455842419137,6.4043558245696675,1.0
0.5958749949903019,1.297125557207628,1.0
17.697881311423238,11.516443178189999,1.0
9.007917943819464,7.663248566977366,1.0
4.155330804416069,16.912163644868905,1.0
9.541391730261829,11.146500745619349,1.0
4.728032420535538,3.04203574657528,1.0
4.081260681136262,16.93703094976574,1.0
11.611109904413945,15.302434303846983,1.0
2.1195756207009753,4.609905275161623,1.0
4.747863848238714,13.785445048366453,1.0
5.656834031850366,14.330121181651156,1.0
